available,source,error,ts,gpu_name,gpu_index,util_pct,memory_used_mb,memory_total_mb,memory_used_pct,temperature_c,power_w,power_limit_w,power_pct,torch_allocated_mb,torch_reserved_mb,cuda_total_mb,energy_window_wh
True,nvml,,1778951405.1712275,NVIDIA GeForce RTX 3050 Ti Laptop GPU,0,4.0,2824.53,4096.0,68.96,83.0,31.97,0.0,0.0,2460.38,2476.0,4095.5,2.805506
True,nvml,,1778951405.9646618,NVIDIA GeForce RTX 3050 Ti Laptop GPU,0,13.0,2824.53,4096.0,68.96,79.0,21.89,0.0,0.0,2460.34,2476.0,4095.5,2.805821
True,nvml,,1778951406.7740493,NVIDIA GeForce RTX 3050 Ti Laptop GPU,0,43.0,2824.53,4096.0,68.96,79.0,19.59,0.0,0.0,2460.37,2476.0,4095.5,2.805898
True,nvml,,1778951407.5576656,NVIDIA GeForce RTX 3050 Ti Laptop GPU,0,46.0,2712.53,4096.0,66.22,78.0,18.12,0.0,0.0,2460.35,2476.0,4095.5,2.805782
True,nvml,,1778951408.3522997,NVIDIA GeForce RTX 3050 Ti Laptop GPU,0,40.0,2712.53,4096.0,66.22,78.0,18.07,0.0,0.0,2460.38,2476.0,4095.5,2.805178
True,nvml,,1778951409.1754012,NVIDIA GeForce RTX 3050 Ti Laptop GPU,0,16.0,2712.53,4096.0,66.22,78.0,18.31,0.0,0.0,2460.35,2476.0,4095.5,2.805352
True,nvml,,1778951409.9617093,NVIDIA GeForce RTX 3050 Ti Laptop GPU,0,14.0,2712.53,4096.0,66.22,78.0,19.1,0.0,0.0,2460.38,2476.0,4095.5,2.805354
True,nvml,,1778951410.797178,NVIDIA GeForce RTX 3050 Ti Laptop GPU,0,19.0,2712.53,4096.0,66.22,78.0,19.21,0.0,0.0,2460.36,2476.0,4095.5,2.805406
True,nvml,,1778951411.6711087,NVIDIA GeForce RTX 3050 Ti Laptop GPU,0,68.0,2824.53,4096.0,68.96,78.0,18.3,0.0,0.0,2460.38,2476.0,4095.5,2.805895
True,nvml,,1778951412.4830146,NVIDIA GeForce RTX 3050 Ti Laptop GPU,0,29.0,2712.53,4096.0,66.22,78.0,17.76,0.0,0.0,2460.36,2476.0,4095.5,2.805453
True,nvml,,1778951413.3170018,NVIDIA GeForce RTX 3050 Ti Laptop GPU,0,26.0,2712.53,4096.0,66.22,78.0,17.71,0.0,0.0,2460.39,2476.0,4095.5,2.805511
True,nvml,,1778951414.1389396,NVIDIA GeForce RTX 3050 Ti Laptop GPU,0,24.0,2712.53,4096.0,66.22,78.0,17.93,0.0,0.0,2460.36,2476.0,4095.5,2.805567
True,nvml,,1778951414.9332726,NVIDIA GeForce RTX 3050 Ti Laptop GPU,0,26.0,2712.53,4096.0,66.22,78.0,17.96,0.0,0.0,2460.39,2476.0,4095.5,2.805474
True,nvml,,1778951415.7677312,NVIDIA GeForce RTX 3050 Ti Laptop GPU,0,34.0,2712.53,4096.0,66.22,78.0,18.17,0.0,0.0,2460.37,2476.0,4095.5,2.805923
True,nvml,,1778951416.6585977,NVIDIA GeForce RTX 3050 Ti Laptop GPU,0,26.0,2712.53,4096.0,66.22,77.0,17.88,0.0,0.0,2460.4,2476.0,4095.5,2.806536
True,nvml,,1778951417.4723537,NVIDIA GeForce RTX 3050 Ti Laptop GPU,0,37.0,2712.53,4096.0,66.22,77.0,18.24,0.0,0.0,2460.37,2476.0,4095.5,2.807065
True,nvml,,1778951418.28512,NVIDIA GeForce RTX 3050 Ti Laptop GPU,0,28.0,2712.53,4096.0,66.22,78.0,18.18,0.0,0.0,2460.4,2476.0,4095.5,2.807148
True,nvml,,1778951419.1056771,NVIDIA GeForce RTX 3050 Ti Laptop GPU,0,15.0,2712.53,4096.0,66.22,77.0,18.9,0.0,0.0,2460.38,2476.0,4095.5,2.807506
True,nvml,,1778951419.9271104,NVIDIA GeForce RTX 3050 Ti Laptop GPU,0,14.0,2712.53,4096.0,66.22,77.0,19.22,0.0,0.0,2460.4,2476.0,4095.5,2.808136
True,nvml,,1778951420.733536,NVIDIA GeForce RTX 3050 Ti Laptop GPU,0,24.0,2850.53,4096.0,69.59,77.0,18.91,0.0,0.0,2598.35,2614.0,4095.5,2.808359
True,nvml,,1778951421.5979683,NVIDIA GeForce RTX 3050 Ti Laptop GPU,0,58.0,2600.53,4096.0,63.49,80.0,19.78,0.0,0.0,2460.41,2476.0,4095.5,2.809208
True,nvml,,1778951422.4058838,NVIDIA GeForce RTX 3050 Ti Laptop GPU,0,24.0,2712.53,4096.0,66.22,82.0,26.67,0.0,0.0,2460.43,2476.0,4095.5,2.810567
True,nvml,,1778951423.2072582,NVIDIA GeForce RTX 3050 Ti Laptop GPU,0,33.0,2712.53,4096.0,66.22,83.0,33.6,0.0,0.0,2348.47,2364.0,4095.5,2.813275
True,nvml,,1778951424.007722,NVIDIA GeForce RTX 3050 Ti Laptop GPU,0,10.0,2632.53,4096.0,64.27,82.0,33.05,0.0,0.0,2356.46,2396.0,4095.5,2.816769
True,nvml,,1778951424.870706,NVIDIA GeForce RTX 3050 Ti Laptop GPU,0,7.0,2712.53,4096.0,66.22,83.0,32.54,0.0,0.0,2460.49,2476.0,4095.5,2.820117
True,nvml,,1778951425.6716492,NVIDIA GeForce RTX 3050 Ti Laptop GPU,0,3.0,2600.53,4096.0,63.49,80.0,25.58,0.0,0.0,2380.46,2396.0,4095.5,2.821749
True,nvml,,1778951426.5234876,NVIDIA GeForce RTX 3050 Ti Laptop GPU,0,14.0,2712.53,4096.0,66.22,78.0,20.84,0.0,0.0,2460.5,2476.0,4095.5,2.821336
True,nvml,,1778951427.4154,NVIDIA GeForce RTX 3050 Ti Laptop GPU,0,7.0,2824.53,4096.0,68.96,78.0,19.21,0.0,0.0,2460.5,2476.0,4095.5,2.819718
True,nvml,,1778951428.1952164,NVIDIA GeForce RTX 3050 Ti Laptop GPU,0,14.0,2712.53,4096.0,66.22,78.0,19.19,0.0,0.0,2460.47,2476.0,4095.5,2.816781
True,nvml,,1778951429.0137916,NVIDIA GeForce RTX 3050 Ti Laptop GPU,0,69.0,2712.53,4096.0,66.22,78.0,18.26,0.0,0.0,2460.5,2476.0,4095.5,2.813994
True,nvml,,1778951429.8315222,NVIDIA GeForce RTX 3050 Ti Laptop GPU,0,37.0,2712.53,4096.0,66.22,78.0,18.09,0.0,0.0,2460.48,2476.0,4095.5,2.811397
True,nvml,,1778951430.6362793,NVIDIA GeForce RTX 3050 Ti Laptop GPU,0,25.0,2712.53,4096.0,66.22,78.0,17.98,0.0,0.0,2460.5,2476.0,4095.5,2.80981
True,nvml,,1778951431.4667113,NVIDIA GeForce RTX 3050 Ti Laptop GPU,0,27.0,2712.53,4096.0,66.22,78.0,17.94,0.0,0.0,2460.48,2476.0,4095.5,2.809664
True,nvml,,1778951432.2684748,NVIDIA GeForce RTX 3050 Ti Laptop GPU,0,20.0,2824.53,4096.0,68.96,78.0,17.81,0.0,0.0,2460.51,2476.0,4095.5,2.809776
True,nvml,,1778951433.086623,NVIDIA GeForce RTX 3050 Ti Laptop GPU,0,29.0,2632.53,4096.0,64.27,78.0,18.13,0.0,0.0,2380.49,2396.0,4095.5,2.810087
True,nvml,,1778951433.9047236,NVIDIA GeForce RTX 3050 Ti Laptop GPU,0,31.0,2824.53,4096.0,68.96,78.0,17.97,0.0,0.0,2460.49,2476.0,4095.5,2.810084
True,nvml,,1778951434.7064636,NVIDIA GeForce RTX 3050 Ti Laptop GPU,0,58.0,2824.53,4096.0,68.96,78.0,17.63,0.0,0.0,2460.51,2476.0,4095.5,2.810044
True,nvml,,1778951435.5070744,NVIDIA GeForce RTX 3050 Ti Laptop GPU,0,27.0,2712.53,4096.0,66.22,77.0,18.04,0.0,0.0,2460.49,2476.0,4095.5,2.809446
True,nvml,,1778951436.3464928,NVIDIA GeForce RTX 3050 Ti Laptop GPU,0,24.0,2712.53,4096.0,66.22,77.0,17.76,0.0,0.0,2460.52,2476.0,4095.5,2.809563
True,nvml,,1778951437.1324668,NVIDIA GeForce RTX 3050 Ti Laptop GPU,0,29.0,2712.53,4096.0,66.22,78.0,17.79,0.0,0.0,2460.49,2476.0,4095.5,2.809623
True,nvml,,1778951437.9242713,NVIDIA GeForce RTX 3050 Ti Laptop GPU,0,26.0,2712.53,4096.0,66.22,78.0,17.87,0.0,0.0,2460.52,2476.0,4095.5,2.809447
True,nvml,,1778951438.7290215,NVIDIA GeForce RTX 3050 Ti Laptop GPU,0,35.0,2712.53,4096.0,66.22,77.0,18.06,0.0,0.0,2460.5,2476.0,4095.5,2.809429
True,nvml,,1778951439.5307503,NVIDIA GeForce RTX 3050 Ti Laptop GPU,0,52.0,2712.53,4096.0,66.22,78.0,17.71,0.0,0.0,2460.52,2476.0,4095.5,2.809448
True,nvml,,1778951440.3156497,NVIDIA GeForce RTX 3050 Ti Laptop GPU,0,43.0,2712.53,4096.0,66.22,77.0,17.91,0.0,0.0,2460.5,2476.0,4095.5,2.809298
True,nvml,,1778951441.1200914,NVIDIA GeForce RTX 3050 Ti Laptop GPU,0,23.0,2712.53,4096.0,66.22,77.0,17.95,0.0,0.0,2460.53,2476.0,4095.5,2.809407
True,nvml,,1778951441.92018,NVIDIA GeForce RTX 3050 Ti Laptop GPU,0,12.0,2850.53,4096.0,69.59,77.0,18.08,0.0,0.0,2598.48,2614.0,4095.5,2.80961
True,nvml,,1778951442.7247007,NVIDIA GeForce RTX 3050 Ti Laptop GPU,0,55.0,2712.53,4096.0,66.22,78.0,18.71,0.0,0.0,2460.55,2476.0,4095.5,2.8097
True,nvml,,1778951443.5410943,NVIDIA GeForce RTX 3050 Ti Laptop GPU,0,41.0,2600.53,4096.0,63.49,80.0,24.77,0.0,0.0,2380.53,2396.0,4095.5,2.810976
True,nvml,,1778951444.294752,NVIDIA GeForce RTX 3050 Ti Laptop GPU,0,41.0,2712.53,4096.0,66.22,80.0,26.55,0.0,0.0,2348.55,2476.0,4095.5,2.812524
True,nvml,,1778951445.103491,NVIDIA GeForce RTX 3050 Ti Laptop GPU,0,38.0,2712.53,4096.0,66.22,81.0,28.36,0.0,0.0,2348.58,2364.0,4095.5,2.814925
True,nvml,,1778951445.8998635,NVIDIA GeForce RTX 3050 Ti Laptop GPU,0,40.0,2630.53,4096.0,64.22,81.0,28.28,0.0,0.0,2356.59,2394.0,4095.5,2.817406
True,nvml,,1778951446.7613955,NVIDIA GeForce RTX 3050 Ti Laptop GPU,0,6.0,2712.53,4096.0,66.22,82.0,31.32,0.0,0.0,2460.62,2476.0,4095.5,2.820593
True,nvml,,1778951447.5726988,NVIDIA GeForce RTX 3050 Ti Laptop GPU,0,3.0,2712.53,4096.0,66.22,81.0,31.99,0.0,0.0,2348.58,2476.0,4095.5,2.823615
True,nvml,,1778951448.4040673,NVIDIA GeForce RTX 3050 Ti Laptop GPU,0,17.0,2712.53,4096.0,66.22,79.0,20.6,0.0,0.0,2460.62,2476.0,4095.5,2.825492
True,nvml,,1778951449.2463171,NVIDIA GeForce RTX 3050 Ti Laptop GPU,0,58.0,2824.53,4096.0,68.96,78.0,19.78,0.0,0.0,2460.62,2476.0,4095.5,2.826206
True,nvml,,1778951450.1030602,NVIDIA GeForce RTX 3050 Ti Laptop GPU,0,41.0,2712.53,4096.0,66.22,78.0,18.11,0.0,0.0,2460.6,2476.0,4095.5,2.826285
True,nvml,,1778951450.9077957,NVIDIA GeForce RTX 3050 Ti Laptop GPU,0,14.0,2712.53,4096.0,66.22,78.0,18.03,0.0,0.0,2460.63,2476.0,4095.5,2.825463
True,nvml,,1778951451.7641172,NVIDIA GeForce RTX 3050 Ti Laptop GPU,0,19.0,2712.53,4096.0,66.22,78.0,18.82,0.0,0.0,2460.6,2476.0,4095.5,2.823173
True,nvml,,1778951452.5727994,NVIDIA GeForce RTX 3050 Ti Laptop GPU,0,33.0,2712.53,4096.0,66.22,78.0,19.09,0.0,0.0,2460.63,2476.0,4095.5,2.819935
True,nvml,,1778951453.375573,NVIDIA GeForce RTX 3050 Ti Laptop GPU,0,50.0,2712.53,4096.0,66.22,78.0,18.8,0.0,0.0,2460.61,2476.0,4095.5,2.815807
True,nvml,,1778951454.2065864,NVIDIA GeForce RTX 3050 Ti Laptop GPU,0,29.0,2712.53,4096.0,66.22,78.0,17.93,0.0,0.0,2460.63,2476.0,4095.5,2.812922
True,nvml,,1778951455.01458,NVIDIA GeForce RTX 3050 Ti Laptop GPU,0,48.0,2712.53,4096.0,66.22,78.0,18.08,0.0,0.0,2460.61,2476.0,4095.5,2.810873
True,nvml,,1778951455.8441815,NVIDIA GeForce RTX 3050 Ti Laptop GPU,0,32.0,2712.53,4096.0,66.22,78.0,18.07,0.0,0.0,2460.64,2476.0,4095.5,2.810189
True,nvml,,1778951456.66372,NVIDIA GeForce RTX 3050 Ti Laptop GPU,0,30.0,2712.53,4096.0,66.22,77.0,18.02,0.0,0.0,2460.61,2476.0,4095.5,2.809932
True,nvml,,1778951457.4675245,NVIDIA GeForce RTX 3050 Ti Laptop GPU,0,68.0,2712.53,4096.0,66.22,78.0,17.94,0.0,0.0,2460.64,2476.0,4095.5,2.809556
True,nvml,,1778951458.2969434,NVIDIA GeForce RTX 3050 Ti Laptop GPU,0,29.0,2712.53,4096.0,66.22,77.0,18.03,0.0,0.0,2460.62,2476.0,4095.5,2.809467
True,nvml,,1778951459.1473086,NVIDIA GeForce RTX 3050 Ti Laptop GPU,0,25.0,2712.53,4096.0,66.22,77.0,17.77,0.0,0.0,2460.65,2476.0,4095.5,2.809742
True,nvml,,1778951459.971772,NVIDIA GeForce RTX 3050 Ti Laptop GPU,0,28.0,2712.53,4096.0,66.22,77.0,18.07,0.0,0.0,2460.62,2476.0,4095.5,2.809732
True,nvml,,1778951460.8071997,NVIDIA GeForce RTX 3050 Ti Laptop GPU,0,28.0,2712.53,4096.0,66.22,77.0,17.9,0.0,0.0,2460.65,2476.0,4095.5,2.809949
True,nvml,,1778951461.6457217,NVIDIA GeForce RTX 3050 Ti Laptop GPU,0,30.0,2712.53,4096.0,66.22,77.0,17.98,0.0,0.0,2460.63,2476.0,4095.5,2.810378
True,nvml,,1778951462.484003,NVIDIA GeForce RTX 3050 Ti Laptop GPU,0,40.0,2712.53,4096.0,66.22,77.0,18.01,0.0,0.0,2460.65,2476.0,4095.5,2.810477
True,nvml,,1778951463.3376493,NVIDIA GeForce RTX 3050 Ti Laptop GPU,0,23.0,2850.53,4096.0,69.59,77.0,18.58,0.0,0.0,2598.6,2614.0,4095.5,2.810591
True,nvml,,1778951464.2569115,NVIDIA GeForce RTX 3050 Ti Laptop GPU,0,96.0,2600.53,4096.0,63.49,78.0,19.78,0.0,0.0,2380.67,2396.0,4095.5,2.811003
True,nvml,,1778951465.0675998,NVIDIA GeForce RTX 3050 Ti Laptop GPU,0,59.0,2712.53,4096.0,66.22,82.0,30.86,0.0,0.0,2460.68,2476.0,4095.5,2.81282
True,nvml,,1778951465.9019206,NVIDIA GeForce RTX 3050 Ti Laptop GPU,0,69.0,2712.53,4096.0,66.22,82.0,32.88,0.0,0.0,2460.73,2476.0,4095.5,2.816139
True,nvml,,1778951466.6828482,NVIDIA GeForce RTX 3050 Ti Laptop GPU,0,42.0,2632.53,4096.0,64.27,83.0,33.25,0.0,0.0,2356.71,2396.0,4095.5,2.819202
True,nvml,,1778951467.4887347,NVIDIA GeForce RTX 3050 Ti Laptop GPU,0,0.0,2712.53,4096.0,66.22,82.0,31.34,0.0,0.0,2460.74,2476.0,4095.5,2.822522
True,nvml,,1778951468.314508,NVIDIA GeForce RTX 3050 Ti Laptop GPU,0,3.0,2712.53,4096.0,66.22,80.0,27.05,0.0,0.0,2348.71,2364.0,4095.5,2.825194
True,nvml,,1778951469.1307518,NVIDIA GeForce RTX 3050 Ti Laptop GPU,0,12.0,2824.53,4096.0,68.96,79.0,21.25,0.0,0.0,2460.72,2476.0,4095.5,2.826705
True,nvml,,1778951469.9227562,NVIDIA GeForce RTX 3050 Ti Laptop GPU,0,13.0,2632.53,4096.0,64.27,78.0,19.48,0.0,0.0,2380.71,2396.0,4095.5,2.827167
True,nvml,,1778951470.727614,NVIDIA GeForce RTX 3050 Ti Laptop GPU,0,14.0,2712.53,4096.0,66.22,78.0,19.16,0.0,0.0,2460.75,2476.0,4095.5,2.827262
True,nvml,,1778951471.5618289,NVIDIA GeForce RTX 3050 Ti Laptop GPU,0,26.0,2824.53,4096.0,68.96,78.0,18.27,0.0,0.0,2460.75,2476.0,4095.5,2.826313
True,nvml,,1778951472.3667479,NVIDIA GeForce RTX 3050 Ti Laptop GPU,0,37.0,2712.53,4096.0,66.22,78.0,17.89,0.0,0.0,2460.73,2476.0,4095.5,2.824246
True,nvml,,1778951473.2785218,NVIDIA GeForce RTX 3050 Ti Laptop GPU,0,16.0,2712.53,4096.0,66.22,78.0,17.74,0.0,0.0,2460.75,2476.0,4095.5,2.821279
True,nvml,,1778951474.0842836,NVIDIA GeForce RTX 3050 Ti Laptop GPU,0,32.0,2632.53,4096.0,64.27,78.0,17.8,0.0,0.0,2348.73,2364.0,4095.5,2.818165
True,nvml,,1778951474.8810248,NVIDIA GeForce RTX 3050 Ti Laptop GPU,0,28.0,2824.53,4096.0,68.96,78.0,17.63,0.0,0.0,2460.76,2476.0,4095.5,2.815067
True,nvml,,1778951475.7184954,NVIDIA GeForce RTX 3050 Ti Laptop GPU,0,41.0,2632.53,4096.0,64.27,78.0,18.03,0.0,0.0,2380.74,2396.0,4095.5,2.813485
True,nvml,,1778951476.5012467,NVIDIA GeForce RTX 3050 Ti Laptop GPU,0,26.0,2712.53,4096.0,66.22,78.0,17.81,0.0,0.0,2460.76,2476.0,4095.5,2.812505
True,nvml,,1778951477.3393502,NVIDIA GeForce RTX 3050 Ti Laptop GPU,0,28.0,2632.53,4096.0,64.27,78.0,17.87,0.0,0.0,2356.74,2396.0,4095.5,2.812434
True,nvml,,1778951478.137566,NVIDIA GeForce RTX 3050 Ti Laptop GPU,0,25.0,2824.53,4096.0,68.96,77.0,17.64,0.0,0.0,2460.74,2476.0,4095.5,2.812168
True,nvml,,1778951478.9757984,NVIDIA GeForce RTX 3050 Ti Laptop GPU,0,24.0,2824.53,4096.0,68.96,77.0,17.77,0.0,0.0,2460.77,2476.0,4095.5,2.81249
True,nvml,,1778951479.7736573,NVIDIA GeForce RTX 3050 Ti Laptop GPU,0,28.0,2712.53,4096.0,66.22,77.0,17.88,0.0,0.0,2460.74,2476.0,4095.5,2.812572
True,nvml,,1778951480.5919442,NVIDIA GeForce RTX 3050 Ti Laptop GPU,0,65.0,2712.53,4096.0,66.22,77.0,18.02,0.0,0.0,2460.77,2476.0,4095.5,2.812577
True,nvml,,1778951481.3622644,NVIDIA GeForce RTX 3050 Ti Laptop GPU,0,64.0,2712.53,4096.0,66.22,77.0,18.13,0.0,0.0,2460.75,2476.0,4095.5,2.812534
True,nvml,,1778951482.162106,NVIDIA GeForce RTX 3050 Ti Laptop GPU,0,29.0,2712.53,4096.0,66.22,77.0,18.87,0.0,0.0,2460.77,2476.0,4095.5,2.812649
True,nvml,,1778951482.948023,NVIDIA GeForce RTX 3050 Ti Laptop GPU,0,24.0,2712.53,4096.0,66.22,77.0,18.77,0.0,0.0,2460.75,2476.0,4095.5,2.812557
True,nvml,,1778951483.7487965,NVIDIA GeForce RTX 3050 Ti Laptop GPU,0,26.0,2712.53,4096.0,66.22,77.0,18.28,0.0,0.0,2460.78,2476.0,4095.5,2.812615
True,nvml,,1778951484.573123,NVIDIA GeForce RTX 3050 Ti Laptop GPU,0,28.0,2850.53,4096.0,69.59,77.0,17.89,0.0,0.0,2598.73,2614.0,4095.5,2.81275
True,nvml,,1778951485.4700205,NVIDIA GeForce RTX 3050 Ti Laptop GPU,0,0.0,2712.53,4096.0,66.22,79.0,21.16,0.0,0.0,2460.78,2476.0,4095.5,2.813528
True,nvml,,1778951486.2827237,NVIDIA GeForce RTX 3050 Ti Laptop GPU,0,31.0,2712.53,4096.0,66.22,81.0,26.97,0.0,0.0,2460.8,2476.0,4095.5,2.814822
True,nvml,,1778951487.0982358,NVIDIA GeForce RTX 3050 Ti Laptop GPU,0,62.0,2712.53,4096.0,66.22,81.0,30.29,0.0,0.0,2460.84,2476.0,4095.5,2.817316
True,nvml,,1778951487.9696367,NVIDIA GeForce RTX 3050 Ti Laptop GPU,0,0.0,2712.53,4096.0,66.22,82.0,32.95,0.0,0.0,2460.86,2476.0,4095.5,2.821119
True,nvml,,1778951488.8376684,NVIDIA GeForce RTX 3050 Ti Laptop GPU,0,3.0,2712.53,4096.0,66.22,82.0,33.01,0.0,0.0,2460.84,2476.0,4095.5,2.825161
True,nvml,,1778951489.728641,NVIDIA GeForce RTX 3050 Ti Laptop GPU,0,2.0,2712.53,4096.0,66.22,82.0,31.82,0.0,0.0,2460.87,2476.0,4095.5,2.828927
True,nvml,,1778951490.498647,NVIDIA GeForce RTX 3050 Ti Laptop GPU,0,2.0,2632.53,4096.0,64.27,79.0,21.8,0.0,0.0,2380.85,2396.0,4095.5,2.83087
True,nvml,,1778951491.3316329,NVIDIA GeForce RTX 3050 Ti Laptop GPU,0,12.0,2712.53,4096.0,66.22,78.0,19.84,0.0,0.0,2460.87,2476.0,4095.5,2.831526
True,nvml,,1778951492.1746933,NVIDIA GeForce RTX 3050 Ti Laptop GPU,0,26.0,2824.53,4096.0,68.96,78.0,18.47,0.0,0.0,2460.87,2476.0,4095.5,2.831803
True,nvml,,1778951492.998106,NVIDIA GeForce RTX 3050 Ti Laptop GPU,0,23.0,2712.53,4096.0,66.22,78.0,17.73,0.0,0.0,2460.85,2476.0,4095.5,2.831891
True,nvml,,1778951493.8221765,NVIDIA GeForce RTX 3050 Ti Laptop GPU,0,28.0,2712.53,4096.0,66.22,78.0,17.77,0.0,0.0,2460.88,2476.0,4095.5,2.831361
True,nvml,,1778951494.6440554,NVIDIA GeForce RTX 3050 Ti Laptop GPU,0,49.0,2712.53,4096.0,66.22,78.0,18.0,0.0,0.0,2460.85,2476.0,4095.5,2.829558
True,nvml,,1778951495.4568484,NVIDIA GeForce RTX 3050 Ti Laptop GPU,0,26.0,2712.53,4096.0,66.22,78.0,17.93,0.0,0.0,2460.88,2476.0,4095.5,2.826761
True,nvml,,1778951496.3478248,NVIDIA GeForce RTX 3050 Ti Laptop GPU,0,32.0,2712.53,4096.0,66.22,78.0,17.97,0.0,0.0,2460.86,2476.0,4095.5,2.823913
True,nvml,,1778951497.1588755,NVIDIA GeForce RTX 3050 Ti Laptop GPU,0,58.0,2712.53,4096.0,66.22,78.0,17.82,0.0,0.0,2460.88,2476.0,4095.5,2.820437
True,nvml,,1778951497.9630275,NVIDIA GeForce RTX 3050 Ti Laptop GPU,0,26.0,2712.53,4096.0,66.22,77.0,18.07,0.0,0.0,2460.86,2476.0,4095.5,2.817446
True,nvml,,1778951498.746967,NVIDIA GeForce RTX 3050 Ti Laptop GPU,0,25.0,2712.53,4096.0,66.22,77.0,17.84,0.0,0.0,2460.89,2476.0,4095.5,2.815583
True,nvml,,1778951499.554966,NVIDIA GeForce RTX 3050 Ti Laptop GPU,0,37.0,2712.53,4096.0,66.22,78.0,18.09,0.0,0.0,2460.86,2476.0,4095.5,2.815018
True,nvml,,1778951500.370984,NVIDIA GeForce RTX 3050 Ti Laptop GPU,0,24.0,2712.53,4096.0,66.22,78.0,18.03,0.0,0.0,2460.89,2476.0,4095.5,2.814749
True,nvml,,1778951501.1688092,NVIDIA GeForce RTX 3050 Ti Laptop GPU,0,29.0,2632.53,4096.0,64.27,77.0,17.66,0.0,0.0,2356.87,2396.0,4095.5,2.814243
True,nvml,,1778951501.9872546,NVIDIA GeForce RTX 3050 Ti Laptop GPU,0,7.0,2824.53,4096.0,68.96,77.0,17.33,0.0,0.0,2460.87,2476.0,4095.5,2.814049
True,nvml,,1778951502.802876,NVIDIA GeForce RTX 3050 Ti Laptop GPU,0,21.0,2712.53,4096.0,66.22,77.0,17.57,0.0,0.0,2460.9,2476.0,4095.5,2.813589
True,nvml,,1778951503.6389608,NVIDIA GeForce RTX 3050 Ti Laptop GPU,0,14.0,2664.53,4096.0,65.05,77.0,17.76,0.0,0.0,2460.87,2476.0,4095.5,2.813863
True,nvml,,1778951504.4208055,NVIDIA GeForce RTX 3050 Ti Laptop GPU,0,16.0,2712.53,4096.0,66.22,77.0,17.44,0.0,0.0,2460.9,2476.0,4095.5,2.813694
True,nvml,,1778951505.196184,NVIDIA GeForce RTX 3050 Ti Laptop GPU,0,36.0,2824.53,4096.0,68.96,77.0,17.59,0.0,0.0,2460.9,2476.0,4095.5,2.81359
True,nvml,,1778951505.9763248,NVIDIA GeForce RTX 3050 Ti Laptop GPU,0,23.0,2712.53,4096.0,66.22,77.0,17.72,0.0,0.0,2460.88,2476.0,4095.5,2.813476
True,nvml,,1778951506.8054178,NVIDIA GeForce RTX 3050 Ti Laptop GPU,0,27.0,2712.53,4096.0,66.22,77.0,17.61,0.0,0.0,2460.9,2476.0,4095.5,2.813436
True,nvml,,1778951507.6134226,NVIDIA GeForce RTX 3050 Ti Laptop GPU,0,14.0,2850.53,4096.0,69.59,77.0,18.16,0.0,0.0,2598.85,2614.0,4095.5,2.812908
True,nvml,,1778951508.4543252,NVIDIA GeForce RTX 3050 Ti Laptop GPU,0,0.0,2712.53,4096.0,66.22,79.0,22.0,0.0,0.0,2460.93,2476.0,4095.5,2.813698
True,nvml,,1778951509.2490926,NVIDIA GeForce RTX 3050 Ti Laptop GPU,0,58.0,2712.53,4096.0,66.22,82.0,28.67,0.0,0.0,2460.96,2476.0,4095.5,2.815238
True,nvml,,1778951510.0646243,NVIDIA GeForce RTX 3050 Ti Laptop GPU,0,31.0,2712.53,4096.0,66.22,82.0,33.22,0.0,0.0,2348.95,2476.0,4095.5,2.81813
True,nvml,,1778951510.866859,NVIDIA GeForce RTX 3050 Ti Laptop GPU,0,38.0,2632.53,4096.0,64.27,82.0,32.74,0.0,0.0,2356.96,2396.0,4095.5,2.821305
True,nvml,,1778951511.6701865,NVIDIA GeForce RTX 3050 Ti Laptop GPU,0,4.0,2712.53,4096.0,66.22,82.0,32.55,0.0,0.0,2460.99,2476.0,4095.5,2.824211
True,nvml,,1778951512.4658775,NVIDIA GeForce RTX 3050 Ti Laptop GPU,0,1.0,2632.53,4096.0,64.27,82.0,31.95,0.0,0.0,2380.96,2396.0,4095.5,2.827348
True,nvml,,1778951513.343582,NVIDIA GeForce RTX 3050 Ti Laptop GPU,0,23.0,2824.53,4096.0,68.96,80.0,28.57,0.0,0.0,2460.97,2476.0,4095.5,2.830636
True,nvml,,1778951514.1413655,NVIDIA GeForce RTX 3050 Ti Laptop GPU,0,13.0,2824.53,4096.0,68.96,78.0,20.01,0.0,0.0,2461.0,2476.0,4095.5,2.831465
True,nvml,,1778951514.9731863,NVIDIA GeForce RTX 3050 Ti Laptop GPU,0,24.0,2824.53,4096.0,68.96,78.0,18.29,0.0,0.0,2460.97,2476.0,4095.5,2.831101
True,nvml,,1778951515.8270538,NVIDIA GeForce RTX 3050 Ti Laptop GPU,0,24.0,2824.53,4096.0,68.96,78.0,17.84,0.0,0.0,2461.0,2476.0,4095.5,2.830183
True,nvml,,1778951516.6391501,NVIDIA GeForce RTX 3050 Ti Laptop GPU,0,46.0,2712.53,4096.0,66.22,78.0,17.94,0.0,0.0,2460.98,2476.0,4095.5,2.827776
True,nvml,,1778951517.4250197,NVIDIA GeForce RTX 3050 Ti Laptop GPU,0,27.0,2712.53,4096.0,66.22,78.0,17.95,0.0,0.0,2461.0,2476.0,4095.5,2.824348
True,nvml,,1778951518.2483249,NVIDIA GeForce RTX 3050 Ti Laptop GPU,0,29.0,2712.53,4096.0,66.22,78.0,17.97,0.0,0.0,2460.98,2476.0,4095.5,2.821466
True,nvml,,1778951519.175062,NVIDIA GeForce RTX 3050 Ti Laptop GPU,0,15.0,2712.53,4096.0,66.22,77.0,17.59,0.0,0.0,2461.01,2476.0,4095.5,2.81946
True,nvml,,1778951519.9540737,NVIDIA GeForce RTX 3050 Ti Laptop GPU,0,7.0,2712.53,4096.0,66.22,78.0,17.9,0.0,0.0,2460.99,2476.0,4095.5,2.817708
True,nvml,,1778951520.821255,NVIDIA GeForce RTX 3050 Ti Laptop GPU,0,33.0,2760.53,4096.0,67.4,77.0,18.66,0.0,0.0,2349.04,2476.0,4095.5,2.817948
True,nvml,,1778951521.619275,NVIDIA GeForce RTX 3050 Ti Laptop GPU,0,19.0,2664.53,4096.0,65.05,78.0,19.0,0.0,0.0,2460.99,2476.0,4095.5,2.818083
True,nvml,,1778951522.4249027,NVIDIA GeForce RTX 3050 Ti Laptop GPU,0,26.0,2824.53,4096.0,68.96,77.0,18.55,0.0,0.0,2461.02,2476.0,4095.5,2.818128
True,nvml,,1778951523.2649715,NVIDIA GeForce RTX 3050 Ti Laptop GPU,0,55.0,2632.53,4096.0,64.27,77.0,17.96,0.0,0.0,2381.0,2396.0,4095.5,2.81837
True,nvml,,1778951524.0753894,NVIDIA GeForce RTX 3050 Ti Laptop GPU,0,64.0,2712.53,4096.0,66.22,77.0,17.69,0.0,0.0,2461.02,2476.0,4095.5,2.818566
True,nvml,,1778951524.9231548,NVIDIA GeForce RTX 3050 Ti Laptop GPU,0,38.0,2632.53,4096.0,64.27,77.0,17.81,0.0,0.0,2356.99,2396.0,4095.5,2.818334
True,nvml,,1778951525.7558088,NVIDIA GeForce RTX 3050 Ti Laptop GPU,0,25.0,2824.53,4096.0,68.96,77.0,17.77,0.0,0.0,2461.0,2476.0,4095.5,2.818422
True,nvml,,1778951526.6084106,NVIDIA GeForce RTX 3050 Ti Laptop GPU,0,28.0,2824.53,4096.0,68.96,77.0,17.71,0.0,0.0,2461.02,2476.0,4095.5,2.818569
True,nvml,,1778951527.4116776,NVIDIA GeForce RTX 3050 Ti Laptop GPU,0,32.0,2712.53,4096.0,66.22,77.0,17.78,0.0,0.0,2461.0,2476.0,4095.5,2.818181
True,nvml,,1778951528.241436,NVIDIA GeForce RTX 3050 Ti Laptop GPU,0,27.0,2712.53,4096.0,66.22,77.0,17.66,0.0,0.0,2461.03,2476.0,4095.5,2.81806
True,nvml,,1778951529.069939,NVIDIA GeForce RTX 3050 Ti Laptop GPU,0,28.0,2850.53,4096.0,69.59,77.0,17.89,0.0,0.0,2598.98,2614.0,4095.5,2.817901
True,nvml,,1778951529.9505475,NVIDIA GeForce RTX 3050 Ti Laptop GPU,0,0.0,2712.53,4096.0,66.22,80.0,22.06,0.0,0.0,2461.03,2476.0,4095.5,2.818686
True,nvml,,1778951530.7473042,NVIDIA GeForce RTX 3050 Ti Laptop GPU,0,65.0,2712.53,4096.0,66.22,81.0,28.81,0.0,0.0,2461.08,2476.0,4095.5,2.82015
True,nvml,,1778951531.5561988,NVIDIA GeForce RTX 3050 Ti Laptop GPU,0,48.0,2712.53,4096.0,66.22,83.0,33.65,0.0,0.0,2461.11,2476.0,4095.5,2.823067
True,nvml,,1778951532.367517,NVIDIA GeForce RTX 3050 Ti Laptop GPU,0,38.0,2632.53,4096.0,64.27,82.0,33.15,0.0,0.0,2357.09,2396.0,4095.5,2.826323
True,nvml,,1778951533.1903365,NVIDIA GeForce RTX 3050 Ti Laptop GPU,0,3.0,2712.53,4096.0,66.22,82.0,32.14,0.0,0.0,2461.12,2476.0,4095.5,2.829819
True,nvml,,1778951533.9773312,NVIDIA GeForce RTX 3050 Ti Laptop GPU,0,13.0,2712.53,4096.0,66.22,79.0,23.87,0.0,0.0,2349.08,2364.0,4095.5,2.831872
True,nvml,,1778951534.792939,NVIDIA GeForce RTX 3050 Ti Laptop GPU,0,23.0,2712.53,4096.0,66.22,78.0,20.2,0.0,0.0,2461.12,2476.0,4095.5,2.83283
True,nvml,,1778951535.638487,NVIDIA GeForce RTX 3050 Ti Laptop GPU,0,14.0,2824.53,4096.0,68.96,78.0,19.2,0.0,0.0,2461.12,2476.0,4095.5,2.833468
True,nvml,,1778951536.399978,NVIDIA GeForce RTX 3050 Ti Laptop GPU,0,35.0,2712.53,4096.0,66.22,78.0,18.87,0.0,0.0,2461.1,2476.0,4095.5,2.831942
True,nvml,,1778951537.2289367,NVIDIA GeForce RTX 3050 Ti Laptop GPU,0,27.0,2712.53,4096.0,66.22,78.0,17.75,0.0,0.0,2461.13,2476.0,4095.5,2.829088
True,nvml,,1778951538.0474112,NVIDIA GeForce RTX 3050 Ti Laptop GPU,0,32.0,2712.53,4096.0,66.22,78.0,17.96,0.0,0.0,2461.1,2476.0,4095.5,2.825548
True,nvml,,1778951538.8671114,NVIDIA GeForce RTX 3050 Ti Laptop GPU,0,26.0,2712.53,4096.0,66.22,77.0,17.89,0.0,0.0,2461.13,2476.0,4095.5,2.822362
True,nvml,,1778951539.6785176,NVIDIA GeForce RTX 3050 Ti Laptop GPU,0,36.0,2712.53,4096.0,66.22,78.0,17.69,0.0,0.0,2461.11,2476.0,4095.5,2.819015
True,nvml,,1778951540.4994104,NVIDIA GeForce RTX 3050 Ti Laptop GPU,0,26.0,2824.53,4096.0,68.96,77.0,17.66,0.0,0.0,2461.13,2476.0,4095.5,2.81636
True,nvml,,1778951541.3277192,NVIDIA GeForce RTX 3050 Ti Laptop GPU,0,24.0,2632.53,4096.0,64.27,78.0,17.65,0.0,0.0,2381.12,2396.0,4095.5,2.815764
True,nvml,,1778951542.2261584,NVIDIA GeForce RTX 3050 Ti Laptop GPU,0,7.0,2712.53,4096.0,66.22,77.0,18.65,0.0,0.0,2461.14,2476.0,4095.5,2.816295
True,nvml,,1778951543.0551314,NVIDIA GeForce RTX 3050 Ti Laptop GPU,0,30.0,2632.53,4096.0,64.27,77.0,18.89,0.0,0.0,2357.11,2396.0,4095.5,2.81658
True,nvml,,1778951543.8806539,NVIDIA GeForce RTX 3050 Ti Laptop GPU,0,48.0,2824.53,4096.0,68.96,77.0,18.4,0.0,0.0,2461.11,2476.0,4095.5,2.816241
True,nvml,,1778951544.6876128,NVIDIA GeForce RTX 3050 Ti Laptop GPU,0,36.0,2824.53,4096.0,68.96,77.0,17.81,0.0,0.0,2461.14,2476.0,4095.5,2.816006
True,nvml,,1778951545.4970098,NVIDIA GeForce RTX 3050 Ti Laptop GPU,0,25.0,2712.53,4096.0,66.22,77.0,17.89,0.0,0.0,2461.12,2476.0,4095.5,2.816001
True,nvml,,1778951546.3017046,NVIDIA GeForce RTX 3050 Ti Laptop GPU,0,27.0,2712.53,4096.0,66.22,77.0,17.7,0.0,0.0,2461.15,2476.0,4095.5,2.815931
True,nvml,,1778951547.1341555,NVIDIA GeForce RTX 3050 Ti Laptop GPU,0,46.0,2712.53,4096.0,66.22,77.0,17.99,0.0,0.0,2461.12,2476.0,4095.5,2.816064
True,nvml,,1778951547.962537,NVIDIA GeForce RTX 3050 Ti Laptop GPU,0,24.0,2712.53,4096.0,66.22,77.0,17.8,0.0,0.0,2461.15,2476.0,4095.5,2.81601
True,nvml,,1778951548.7873404,NVIDIA GeForce RTX 3050 Ti Laptop GPU,0,43.0,2712.53,4096.0,66.22,77.0,17.92,0.0,0.0,2461.13,2476.0,4095.5,2.815957
True,nvml,,1778951549.5635068,NVIDIA GeForce RTX 3050 Ti Laptop GPU,0,58.0,2712.53,4096.0,66.22,77.0,17.84,0.0,0.0,2461.15,2476.0,4095.5,2.815818
True,nvml,,1778951550.367949,NVIDIA GeForce RTX 3050 Ti Laptop GPU,0,58.0,2850.53,4096.0,69.59,77.0,18.03,0.0,0.0,2599.1,2614.0,4095.5,2.815494
True,nvml,,1778951551.2424371,NVIDIA GeForce RTX 3050 Ti Laptop GPU,0,100.0,2632.53,4096.0,64.27,78.0,18.56,0.0,0.0,2381.16,2396.0,4095.5,2.816003
True,nvml,,1778951552.0359054,NVIDIA GeForce RTX 3050 Ti Laptop GPU,0,33.0,2600.53,4096.0,63.49,79.0,24.82,0.0,0.0,2461.17,2476.0,4095.5,2.816932
True,nvml,,1778951552.8504817,NVIDIA GeForce RTX 3050 Ti Laptop GPU,0,38.0,2712.53,4096.0,66.22,79.0,24.88,0.0,0.0,2461.18,2476.0,4095.5,2.818459
True,nvml,,1778951553.6136553,NVIDIA GeForce RTX 3050 Ti Laptop GPU,0,64.0,2600.53,4096.0,63.49,81.0,25.34,0.0,0.0,2381.22,2396.0,4095.5,2.819533
True,nvml,,1778951554.4341402,NVIDIA GeForce RTX 3050 Ti Laptop GPU,0,58.0,2712.53,4096.0,66.22,82.0,28.83,0.0,0.0,2461.22,2476.0,4095.5,2.821505
True,nvml,,1778951555.2641191,NVIDIA GeForce RTX 3050 Ti Laptop GPU,0,7.0,2712.53,4096.0,66.22,82.0,32.23,0.0,0.0,2461.24,2476.0,4095.5,2.824393
True,nvml,,1778951556.050722,NVIDIA GeForce RTX 3050 Ti Laptop GPU,0,15.0,2712.53,4096.0,66.22,79.0,26.5,0.0,0.0,2461.22,2476.0,4095.5,2.826784
True,nvml,,1778951556.8949168,NVIDIA GeForce RTX 3050 Ti Laptop GPU,0,12.0,2712.53,4096.0,66.22,78.0,20.48,0.0,0.0,2461.25,2476.0,4095.5,2.828356
True,nvml,,1778951557.7075574,NVIDIA GeForce RTX 3050 Ti Laptop GPU,0,20.0,2712.53,4096.0,66.22,78.0,19.47,0.0,0.0,2461.22,2476.0,4095.5,2.8288
True,nvml,,1778951558.5506532,NVIDIA GeForce RTX 3050 Ti Laptop GPU,0,26.0,2824.53,4096.0,68.96,77.0,18.4,0.0,0.0,2461.25,2476.0,4095.5,2.829371
True,nvml,,1778951559.3726325,NVIDIA GeForce RTX 3050 Ti Laptop GPU,0,26.0,2632.53,4096.0,64.27,77.0,17.91,0.0,0.0,2357.23,2396.0,4095.5,2.828808
True,nvml,,1778951560.2168953,NVIDIA GeForce RTX 3050 Ti Laptop GPU,0,26.0,2824.53,4096.0,68.96,77.0,17.75,0.0,0.0,2461.23,2476.0,4095.5,2.827207
True,nvml,,1778951561.0476341,NVIDIA GeForce RTX 3050 Ti Laptop GPU,0,13.0,2600.53,4096.0,63.49,77.0,17.95,0.0,0.0,2381.22,2396.0,4095.5,2.824578
True,nvml,,1778951561.8818843,NVIDIA GeForce RTX 3050 Ti Laptop GPU,0,14.0,2712.53,4096.0,66.22,77.0,18.66,0.0,0.0,2461.26,2476.0,4095.5,2.820877
True,nvml,,1778951562.7590742,NVIDIA GeForce RTX 3050 Ti Laptop GPU,0,12.0,2824.53,4096.0,68.96,77.0,18.98,0.0,0.0,2461.26,2476.0,4095.5,2.818188
True,nvml,,1778951563.565987,NVIDIA GeForce RTX 3050 Ti Laptop GPU,0,47.0,2712.53,4096.0,66.22,77.0,17.84,0.0,0.0,2461.24,2476.0,4095.5,2.815261
True,nvml,,1778951564.4112046,NVIDIA GeForce RTX 3050 Ti Laptop GPU,0,35.0,2712.53,4096.0,66.22,77.0,17.7,0.0,0.0,2461.26,2476.0,4095.5,2.814904
True,nvml,,1778951565.218661,NVIDIA GeForce RTX 3050 Ti Laptop GPU,0,31.0,2712.53,4096.0,66.22,77.0,18.06,0.0,0.0,2461.24,2476.0,4095.5,2.814773
True,nvml,,1778951566.1569772,NVIDIA GeForce RTX 3050 Ti Laptop GPU,0,42.0,2712.53,4096.0,66.22,77.0,17.64,0.0,0.0,2461.27,2476.0,4095.5,2.815292
True,nvml,,1778951567.0396092,NVIDIA GeForce RTX 3050 Ti Laptop GPU,0,39.0,2712.53,4096.0,66.22,77.0,17.8,0.0,0.0,2461.24,2476.0,4095.5,2.815873
True,nvml,,1778951567.877487,NVIDIA GeForce RTX 3050 Ti Laptop GPU,0,27.0,2712.53,4096.0,66.22,77.0,17.83,0.0,0.0,2461.27,2476.0,4095.5,2.815999
True,nvml,,1778951568.778527,NVIDIA GeForce RTX 3050 Ti Laptop GPU,0,31.0,2712.53,4096.0,66.22,77.0,17.88,0.0,0.0,2461.25,2476.0,4095.5,2.816701
True,nvml,,1778951569.578327,NVIDIA GeForce RTX 3050 Ti Laptop GPU,0,47.0,2712.53,4096.0,66.22,77.0,17.73,0.0,0.0,2461.27,2476.0,4095.5,2.817031
True,nvml,,1778951570.4148486,NVIDIA GeForce RTX 3050 Ti Laptop GPU,0,27.0,2712.53,4096.0,66.22,77.0,17.6,0.0,0.0,2461.25,2476.0,4095.5,2.817073
True,nvml,,1778951571.2620683,NVIDIA GeForce RTX 3050 Ti Laptop GPU,0,67.0,2824.53,4096.0,68.96,77.0,17.83,0.0,0.0,2461.28,2476.0,4095.5,2.81704
True,nvml,,1778951572.0965064,NVIDIA GeForce RTX 3050 Ti Laptop GPU,0,26.0,2850.53,4096.0,69.59,77.0,17.88,0.0,0.0,2599.23,2614.0,4095.5,2.816968
True,nvml,,1778951572.934552,NVIDIA GeForce RTX 3050 Ti Laptop GPU,0,14.0,2632.53,4096.0,64.27,77.0,18.15,0.0,0.0,2381.26,2396.0,4095.5,2.817278
True,nvml,,1778951573.780972,NVIDIA GeForce RTX 3050 Ti Laptop GPU,0,54.0,2632.53,4096.0,64.27,78.0,20.07,0.0,0.0,2381.28,2396.0,4095.5,2.81779
True,nvml,,1778951574.6076868,NVIDIA GeForce RTX 3050 Ti Laptop GPU,0,59.0,2712.53,4096.0,66.22,80.0,25.03,0.0,0.0,2461.34,2476.0,4095.5,2.81895
True,nvml,,1778951575.3880422,NVIDIA GeForce RTX 3050 Ti Laptop GPU,0,41.0,2712.53,4096.0,66.22,81.0,28.88,0.0,0.0,2461.35,2476.0,4095.5,2.820817
True,nvml,,1778951576.2283208,NVIDIA GeForce RTX 3050 Ti Laptop GPU,0,39.0,2632.53,4096.0,64.27,82.0,32.91,0.0,0.0,2357.34,2396.0,4095.5,2.823836
True,nvml,,1778951577.072608,NVIDIA GeForce RTX 3050 Ti Laptop GPU,0,2.0,2712.53,4096.0,66.22,81.0,32.04,0.0,0.0,2461.37,2476.0,4095.5,2.827429
True,nvml,,1778951577.8495202,NVIDIA GeForce RTX 3050 Ti Laptop GPU,0,3.0,2760.53,4096.0,67.4,79.0,27.72,0.0,0.0,2349.38,2476.0,4095.5,2.830002
True,nvml,,1778951578.6851358,NVIDIA GeForce RTX 3050 Ti Laptop GPU,0,19.0,2712.53,4096.0,66.22,78.0,20.97,0.0,0.0,2461.37,2476.0,4095.5,2.831421
True,nvml,,1778951579.4852703,NVIDIA GeForce RTX 3050 Ti Laptop GPU,0,13.0,2824.53,4096.0,68.96,77.0,19.27,0.0,0.0,2461.37,2476.0,4095.5,2.831917
True,nvml,,1778951580.303418,NVIDIA GeForce RTX 3050 Ti Laptop GPU,0,15.0,2824.53,4096.0,68.96,78.0,18.94,0.0,0.0,2461.35,2476.0,4095.5,2.832083
True,nvml,,1778951581.2042181,NVIDIA GeForce RTX 3050 Ti Laptop GPU,0,25.0,2824.53,4096.0,68.96,77.0,18.11,0.0,0.0,2461.38,2476.0,4095.5,2.832729
True,nvml,,1778951581.9829957,NVIDIA GeForce RTX 3050 Ti Laptop GPU,0,23.0,2712.53,4096.0,66.22,77.0,17.69,0.0,0.0,2461.35,2476.0,4095.5,2.83271
True,nvml,,1778951582.8663313,NVIDIA GeForce RTX 3050 Ti Laptop GPU,0,22.0,2712.53,4096.0,66.22,77.0,17.61,0.0,0.0,2461.38,2476.0,4095.5,2.832918
True,nvml,,1778951583.685829,NVIDIA GeForce RTX 3050 Ti Laptop GPU,0,19.0,2712.53,4096.0,66.22,77.0,18.65,0.0,0.0,2461.36,2476.0,4095.5,2.833175
True,nvml,,1778951584.5083277,NVIDIA GeForce RTX 3050 Ti Laptop GPU,0,11.0,2712.53,4096.0,66.22,77.0,18.82,0.0,0.0,2461.38,2476.0,4095.5,2.833344
True,nvml,,1778951585.3674526,NVIDIA GeForce RTX 3050 Ti Laptop GPU,0,36.0,2712.53,4096.0,66.22,77.0,18.54,0.0,0.0,2461.36,2476.0,4095.5,2.833536
True,nvml,,1778951586.2475019,NVIDIA GeForce RTX 3050 Ti Laptop GPU,0,27.0,2712.53,4096.0,66.22,77.0,17.63,0.0,0.0,2461.39,2476.0,4095.5,2.833036
True,nvml,,1778951587.1245246,NVIDIA GeForce RTX 3050 Ti Laptop GPU,0,47.0,2712.53,4096.0,66.22,77.0,17.88,0.0,0.0,2461.36,2476.0,4095.5,2.831693
True,nvml,,1778951587.9970639,NVIDIA GeForce RTX 3050 Ti Laptop GPU,0,26.0,2712.53,4096.0,66.22,77.0,17.74,0.0,0.0,2461.39,2476.0,4095.5,2.830162
True,nvml,,1778951588.8201823,NVIDIA GeForce RTX 3050 Ti Laptop GPU,0,37.0,2712.53,4096.0,66.22,77.0,17.96,0.0,0.0,2461.37,2476.0,4095.5,2.827403
True,nvml,,1778951589.658748,NVIDIA GeForce RTX 3050 Ti Laptop GPU,0,20.0,2712.53,4096.0,66.22,77.0,17.41,0.0,0.0,2461.4,2476.0,4095.5,2.823944
True,nvml,,1778951590.5886538,NVIDIA GeForce RTX 3050 Ti Laptop GPU,0,21.0,2712.53,4096.0,66.22,77.0,17.8,0.0,0.0,2461.37,2476.0,4095.5,2.821992
True,nvml,,1778951591.4613855,NVIDIA GeForce RTX 3050 Ti Laptop GPU,0,19.0,2712.53,4096.0,66.22,77.0,17.71,0.0,0.0,2461.4,2476.0,4095.5,2.82124
True,nvml,,1778951592.36442,NVIDIA GeForce RTX 3050 Ti Laptop GPU,0,32.0,2712.53,4096.0,66.22,77.0,17.63,0.0,0.0,2461.38,2476.0,4095.5,2.821271
True,nvml,,1778951593.2332768,NVIDIA GeForce RTX 3050 Ti Laptop GPU,0,26.0,2712.53,4096.0,66.22,76.0,17.59,0.0,0.0,2461.4,2476.0,4095.5,2.821389
True,nvml,,1778951594.0646617,NVIDIA GeForce RTX 3050 Ti Laptop GPU,0,23.0,2850.53,4096.0,69.59,76.0,17.66,0.0,0.0,2599.35,2614.0,4095.5,2.8214
True,nvml,,1778951594.8607478,NVIDIA GeForce RTX 3050 Ti Laptop GPU,0,17.0,2632.53,4096.0,64.27,76.0,17.41,0.0,0.0,2357.4,2364.0,4095.5,2.821261
True,nvml,,1778951595.656765,NVIDIA GeForce RTX 3050 Ti Laptop GPU,0,41.0,2634.53,4096.0,64.32,79.0,23.71,0.0,0.0,2381.42,2396.0,4095.5,2.821926
True,nvml,,1778951596.4333887,NVIDIA GeForce RTX 3050 Ti Laptop GPU,0,41.0,2664.53,4096.0,65.05,79.0,26.09,0.0,0.0,2461.43,2476.0,4095.5,2.823272
True,nvml,,1778951597.2031314,NVIDIA GeForce RTX 3050 Ti Laptop GPU,0,37.0,2712.53,4096.0,66.22,80.0,28.51,0.0,0.0,2461.47,2476.0,4095.5,2.824943
True,nvml,,1778951598.0419085,NVIDIA GeForce RTX 3050 Ti Laptop GPU,0,2.0,2632.53,4096.0,64.27,81.0,29.62,0.0,0.0,2357.46,2396.0,4095.5,2.827545
True,nvml,,1778951598.9347076,NVIDIA GeForce RTX 3050 Ti Laptop GPU,0,3.0,2712.53,4096.0,66.22,81.0,30.9,0.0,0.0,2461.49,2476.0,4095.5,2.830913
True,nvml,,1778951599.771132,NVIDIA GeForce RTX 3050 Ti Laptop GPU,0,3.0,2712.53,4096.0,66.22,81.0,31.72,0.0,0.0,2349.47,2364.0,4095.5,2.834197
True,nvml,,1778951600.652293,NVIDIA GeForce RTX 3050 Ti Laptop GPU,0,14.0,2712.53,4096.0,66.22,78.0,22.94,0.0,0.0,2461.5,2476.0,4095.5,2.836781
True,nvml,,1778951601.5053566,NVIDIA GeForce RTX 3050 Ti Laptop GPU,0,10.0,2712.53,4096.0,66.22,77.0,19.2,0.0,0.0,2349.46,2476.0,4095.5,2.837854
True,nvml,,1778951602.3340452,NVIDIA GeForce RTX 3050 Ti Laptop GPU,0,41.0,2824.53,4096.0,68.96,77.0,18.86,0.0,0.0,2461.47,2476.0,4095.5,2.838079
True,nvml,,1778951603.192419,NVIDIA GeForce RTX 3050 Ti Laptop GPU,0,41.0,2824.53,4096.0,68.96,77.0,17.73,0.0,0.0,2461.5,2476.0,4095.5,2.83816
True,nvml,,1778951604.0127063,NVIDIA GeForce RTX 3050 Ti Laptop GPU,0,4.0,2712.53,4096.0,66.22,77.0,17.48,0.0,0.0,2461.48,2476.0,4095.5,2.838127
True,nvml,,1778951604.812747,NVIDIA GeForce RTX 3050 Ti Laptop GPU,0,7.0,2712.53,4096.0,66.22,77.0,16.89,0.0,0.0,2461.5,2476.0,4095.5,2.837642
True,nvml,,1778951605.6234167,NVIDIA GeForce RTX 3050 Ti Laptop GPU,0,26.0,2824.53,4096.0,68.96,77.0,17.59,0.0,0.0,2461.5,2476.0,4095.5,2.837145
True,nvml,,1778951606.4587502,NVIDIA GeForce RTX 3050 Ti Laptop GPU,0,36.0,2712.53,4096.0,66.22,77.0,17.78,0.0,0.0,2461.48,2476.0,4095.5,2.836603
True,nvml,,1778951607.4774363,NVIDIA GeForce RTX 3050 Ti Laptop GPU,0,25.0,2824.53,4096.0,68.96,77.0,17.6,0.0,0.0,2461.51,2476.0,4095.5,2.836136
True,nvml,,1778951608.2971187,NVIDIA GeForce RTX 3050 Ti Laptop GPU,0,46.0,2712.53,4096.0,66.22,77.0,17.86,0.0,0.0,2461.49,2476.0,4095.5,2.833434
True,nvml,,1778951609.149406,NVIDIA GeForce RTX 3050 Ti Laptop GPU,0,26.0,2712.53,4096.0,66.22,77.0,17.65,0.0,0.0,2461.51,2476.0,4095.5,2.83055
True,nvml,,1778951610.0823877,NVIDIA GeForce RTX 3050 Ti Laptop GPU,0,24.0,2714.53,4096.0,66.27,77.0,17.45,0.0,0.0,2461.49,2478.0,4095.5,2.827759
True,nvml,,1778951610.8935366,NVIDIA GeForce RTX 3050 Ti Laptop GPU,0,25.0,2714.53,4096.0,66.27,76.0,17.43,0.0,0.0,2461.52,2478.0,4095.5,2.824568
True,nvml,,1778951611.8384326,NVIDIA GeForce RTX 3050 Ti Laptop GPU,0,29.0,2714.53,4096.0,66.27,77.0,17.58,0.0,0.0,2461.49,2478.0,4095.5,2.823484
True,nvml,,1778951612.6874886,NVIDIA GeForce RTX 3050 Ti Laptop GPU,0,68.0,2714.53,4096.0,66.27,77.0,17.68,0.0,0.0,2461.52,2478.0,4095.5,2.823049
True,nvml,,1778951613.5287523,NVIDIA GeForce RTX 3050 Ti Laptop GPU,0,13.0,2714.53,4096.0,66.27,76.0,18.09,0.0,0.0,2461.5,2478.0,4095.5,2.822918
True,nvml,,1778951614.3759596,NVIDIA GeForce RTX 3050 Ti Laptop GPU,0,14.0,2714.53,4096.0,66.27,76.0,18.81,0.0,0.0,2461.52,2478.0,4095.5,2.822909
True,nvml,,1778951615.209716,NVIDIA GeForce RTX 3050 Ti Laptop GPU,0,32.0,2714.53,4096.0,66.27,76.0,18.84,0.0,0.0,2461.5,2478.0,4095.5,2.823361
True,nvml,,1778951616.222945,NVIDIA GeForce RTX 3050 Ti Laptop GPU,0,26.0,2826.53,4096.0,69.01,76.0,17.64,0.0,0.0,2461.53,2478.0,4095.5,2.824442
True,nvml,,1778951617.0571024,NVIDIA GeForce RTX 3050 Ti Laptop GPU,0,26.0,2852.53,4096.0,69.64,76.0,17.34,0.0,0.0,2599.48,2616.0,4095.5,2.824412
True,nvml,,1778951617.976816,NVIDIA GeForce RTX 3050 Ti Laptop GPU,0,90.0,2634.53,4096.0,64.32,77.0,17.95,0.0,0.0,2381.54,2398.0,4095.5,2.824646
True,nvml,,1778951618.7574296,NVIDIA GeForce RTX 3050 Ti Laptop GPU,0,37.0,2602.53,4096.0,63.54,79.0,26.58,0.0,0.0,2357.55,2366.0,4095.5,2.825123
True,nvml,,1778951619.5851715,NVIDIA GeForce RTX 3050 Ti Laptop GPU,0,8.0,2714.53,4096.0,66.27,80.0,28.48,0.0,0.0,2461.59,2478.0,4095.5,2.827315
True,nvml,,1778951620.4272938,NVIDIA GeForce RTX 3050 Ti Laptop GPU,0,59.0,2714.53,4096.0,66.27,81.0,31.1,0.0,0.0,2461.61,2478.0,4095.5,2.829967
True,nvml,,1778951621.3214788,NVIDIA GeForce RTX 3050 Ti Laptop GPU,0,7.0,2714.53,4096.0,66.27,81.0,32.37,0.0,0.0,2461.62,2478.0,4095.5,2.8338
True,nvml,,1778951622.1962576,NVIDIA GeForce RTX 3050 Ti Laptop GPU,0,3.0,2634.53,4096.0,64.32,80.0,31.02,0.0,0.0,2381.58,2398.0,4095.5,2.837495
True,nvml,,1778951623.0451481,NVIDIA GeForce RTX 3050 Ti Laptop GPU,0,5.0,2714.53,4096.0,66.27,77.0,20.15,0.0,0.0,2461.62,2478.0,4095.5,2.839039
True,nvml,,1778951623.949634,NVIDIA GeForce RTX 3050 Ti Laptop GPU,0,28.0,2826.53,4096.0,69.01,77.0,19.31,0.0,0.0,2461.62,2478.0,4095.5,2.840055
True,nvml,,1778951624.8156939,NVIDIA GeForce RTX 3050 Ti Laptop GPU,0,34.0,2714.53,4096.0,66.27,77.0,18.32,0.0,0.0,2461.6,2478.0,4095.5,2.840622
True,nvml,,1778951625.6511467,NVIDIA GeForce RTX 3050 Ti Laptop GPU,0,33.0,2714.53,4096.0,66.27,77.0,17.88,0.0,0.0,2461.63,2478.0,4095.5,2.840812
True,nvml,,1778951626.5063398,NVIDIA GeForce RTX 3050 Ti Laptop GPU,0,25.0,2714.53,4096.0,66.27,77.0,17.83,0.0,0.0,2461.6,2478.0,4095.5,2.84097
True,nvml,,1778951627.383371,NVIDIA GeForce RTX 3050 Ti Laptop GPU,0,26.0,2714.53,4096.0,66.27,77.0,17.72,0.0,0.0,2461.63,2478.0,4095.5,2.840936
True,nvml,,1778951628.2537234,NVIDIA GeForce RTX 3050 Ti Laptop GPU,0,44.0,2714.53,4096.0,66.27,77.0,17.89,0.0,0.0,2461.61,2478.0,4095.5,2.841124
True,nvml,,1778951629.075531,NVIDIA GeForce RTX 3050 Ti Laptop GPU,0,15.0,2714.53,4096.0,66.27,77.0,17.71,0.0,0.0,2461.63,2478.0,4095.5,2.840696
True,nvml,,1778951629.8816557,NVIDIA GeForce RTX 3050 Ti Laptop GPU,0,35.0,2714.53,4096.0,66.27,77.0,17.85,0.0,0.0,2461.61,2478.0,4095.5,2.839924
True,nvml,,1778951630.6835625,NVIDIA GeForce RTX 3050 Ti Laptop GPU,0,45.0,2714.53,4096.0,66.27,76.0,17.78,0.0,0.0,2461.64,2478.0,4095.5,2.838666
True,nvml,,1778951631.506066,NVIDIA GeForce RTX 3050 Ti Laptop GPU,0,24.0,2712.53,4096.0,66.22,76.0,17.96,0.0,0.0,2461.61,2476.0,4095.5,2.836327
True,nvml,,1778951632.32345,NVIDIA GeForce RTX 3050 Ti Laptop GPU,0,20.0,2712.53,4096.0,66.22,76.0,17.98,0.0,0.0,2461.64,2476.0,4095.5,2.83402
True,nvml,,1778951633.1640582,NVIDIA GeForce RTX 3050 Ti Laptop GPU,0,17.0,2712.53,4096.0,66.22,77.0,17.84,0.0,0.0,2461.62,2476.0,4095.5,2.831252
True,nvml,,1778951633.986661,NVIDIA GeForce RTX 3050 Ti Laptop GPU,0,3.0,2712.53,4096.0,66.22,76.0,18.76,0.0,0.0,2461.65,2476.0,4095.5,2.828724
True,nvml,,1778951634.7982616,NVIDIA GeForce RTX 3050 Ti Laptop GPU,0,24.0,2714.53,4096.0,66.27,77.0,18.88,0.0,0.0,2461.62,2478.0,4095.5,2.827783
True,nvml,,1778951635.6387854,NVIDIA GeForce RTX 3050 Ti Laptop GPU,0,25.0,2826.53,4096.0,69.01,76.0,18.01,0.0,0.0,2461.65,2478.0,4095.5,2.827653
True,nvml,,1778951636.477509,NVIDIA GeForce RTX 3050 Ti Laptop GPU,0,26.0,2634.53,4096.0,64.32,76.0,17.59,0.0,0.0,2381.63,2398.0,4095.5,2.827311
True,nvml,,1778951637.3104892,NVIDIA GeForce RTX 3050 Ti Laptop GPU,0,28.0,2714.53,4096.0,66.27,76.0,17.35,0.0,0.0,2461.65,2478.0,4095.5,2.827046
True,nvml,,1778951638.1468985,NVIDIA GeForce RTX 3050 Ti Laptop GPU,0,90.0,2852.53,4096.0,69.64,76.0,17.86,0.0,0.0,2599.6,2616.0,4095.5,2.827044
True,nvml,,1778951639.0081608,NVIDIA GeForce RTX 3050 Ti Laptop GPU,0,0.0,2852.53,4096.0,69.64,76.0,18.45,0.0,0.0,2354.55,2616.0,4095.5,2.827314
True,nvml,,1778951639.8803844,NVIDIA GeForce RTX 3050 Ti Laptop GPU,0,95.0,2714.53,4096.0,66.27,77.0,19.71,0.0,0.0,2461.68,2478.0,4095.5,2.827881
True,nvml,,1778951640.673094,NVIDIA GeForce RTX 3050 Ti Laptop GPU,0,46.0,2634.53,4096.0,64.32,80.0,26.67,0.0,0.0,2357.68,2398.0,4095.5,2.82893
True,nvml,,1778951641.462112,NVIDIA GeForce RTX 3050 Ti Laptop GPU,0,42.0,2634.53,4096.0,64.32,81.0,30.2,0.0,0.0,2357.69,2398.0,4095.5,2.831014
True,nvml,,1778951642.2694244,NVIDIA GeForce RTX 3050 Ti Laptop GPU,0,43.0,2602.53,4096.0,63.54,81.0,32.9,0.0,0.0,2381.72,2398.0,4095.5,2.833758
True,nvml,,1778951643.0970087,NVIDIA GeForce RTX 3050 Ti Laptop GPU,0,6.0,2714.53,4096.0,66.27,81.0,32.24,0.0,0.0,2461.72,2478.0,4095.5,2.836839
True,nvml,,1778951643.9239686,NVIDIA GeForce RTX 3050 Ti Laptop GPU,0,3.0,2714.53,4096.0,66.27,81.0,31.89,0.0,0.0,2461.74,2478.0,4095.5,2.840149
True,nvml,,1778951644.7251544,NVIDIA GeForce RTX 3050 Ti Laptop GPU,0,22.0,2714.53,4096.0,66.27,78.0,25.97,0.0,0.0,2461.72,2478.0,4095.5,2.84262
True,nvml,,1778951645.5479124,NVIDIA GeForce RTX 3050 Ti Laptop GPU,0,13.0,2714.53,4096.0,66.27,77.0,19.12,0.0,0.0,2461.75,2478.0,4095.5,2.843799
True,nvml,,1778951646.3535564,NVIDIA GeForce RTX 3050 Ti Laptop GPU,0,41.0,2714.53,4096.0,66.27,77.0,19.02,0.0,0.0,2461.72,2478.0,4095.5,2.844131
True,nvml,,1778951647.1552587,NVIDIA GeForce RTX 3050 Ti Laptop GPU,0,51.0,2714.53,4096.0,66.27,77.0,18.03,0.0,0.0,2461.75,2478.0,4095.5,2.844444
True,nvml,,1778951647.9748342,NVIDIA GeForce RTX 3050 Ti Laptop GPU,0,65.0,2714.53,4096.0,66.27,77.0,18.02,0.0,0.0,2461.73,2478.0,4095.5,2.844519
True,nvml,,1778951648.8189318,NVIDIA GeForce RTX 3050 Ti Laptop GPU,0,24.0,2714.53,4096.0,66.27,77.0,17.97,0.0,0.0,2461.75,2478.0,4095.5,2.844725
True,nvml,,1778951649.5971446,NVIDIA GeForce RTX 3050 Ti Laptop GPU,0,20.0,2714.53,4096.0,66.27,77.0,18.89,0.0,0.0,2461.73,2478.0,4095.5,2.844808
True,nvml,,1778951650.4157264,NVIDIA GeForce RTX 3050 Ti Laptop GPU,0,14.0,2714.53,4096.0,66.27,77.0,18.98,0.0,0.0,2461.76,2478.0,4095.5,2.844436
True,nvml,,1778951651.223975,NVIDIA GeForce RTX 3050 Ti Laptop GPU,0,47.0,2714.53,4096.0,66.27,77.0,18.55,0.0,0.0,2461.74,2478.0,4095.5,2.842907
True,nvml,,1778951652.0321884,NVIDIA GeForce RTX 3050 Ti Laptop GPU,0,25.0,2714.53,4096.0,66.27,77.0,17.85,0.0,0.0,2461.76,2478.0,4095.5,2.83991
True,nvml,,1778951652.8606646,NVIDIA GeForce RTX 3050 Ti Laptop GPU,0,38.0,2714.53,4096.0,66.27,77.0,18.09,0.0,0.0,2461.74,2478.0,4095.5,2.836491
True,nvml,,1778951653.6772838,NVIDIA GeForce RTX 3050 Ti Laptop GPU,0,43.0,2714.53,4096.0,66.27,77.0,17.7,0.0,0.0,2461.77,2478.0,4095.5,2.833014
True,nvml,,1778951654.562021,NVIDIA GeForce RTX 3050 Ti Laptop GPU,0,22.0,2714.53,4096.0,66.27,77.0,17.79,0.0,0.0,2461.74,2478.0,4095.5,2.830251
True,nvml,,1778951655.4043305,NVIDIA GeForce RTX 3050 Ti Laptop GPU,0,29.0,2714.53,4096.0,66.27,77.0,17.8,0.0,0.0,2461.77,2478.0,4095.5,2.827458
True,nvml,,1778951656.220824,NVIDIA GeForce RTX 3050 Ti Laptop GPU,0,33.0,2714.53,4096.0,66.27,77.0,17.88,0.0,0.0,2461.75,2478.0,4095.5,2.82602
True,nvml,,1778951657.0436587,NVIDIA GeForce RTX 3050 Ti Laptop GPU,0,26.0,2714.53,4096.0,66.27,77.0,17.85,0.0,0.0,2461.77,2478.0,4095.5,2.825835
True,nvml,,1778951657.859904,NVIDIA GeForce RTX 3050 Ti Laptop GPU,0,37.0,2714.53,4096.0,66.27,77.0,17.87,0.0,0.0,2461.75,2478.0,4095.5,2.82559
True,nvml,,1778951658.646205,NVIDIA GeForce RTX 3050 Ti Laptop GPU,0,65.0,2714.53,4096.0,66.27,76.0,17.91,0.0,0.0,2461.78,2478.0,4095.5,2.825489
True,nvml,,1778951659.4626937,NVIDIA GeForce RTX 3050 Ti Laptop GPU,0,29.0,2852.53,4096.0,69.64,77.0,18.48,0.0,0.0,2599.73,2616.0,4095.5,2.825576
True,nvml,,1778951660.3103397,NVIDIA GeForce RTX 3050 Ti Laptop GPU,0,36.0,2602.53,4096.0,63.54,77.0,20.03,0.0,0.0,2461.78,2478.0,4095.5,2.826074
True,nvml,,1778951661.0654063,NVIDIA GeForce RTX 3050 Ti Laptop GPU,0,16.0,2714.53,4096.0,66.27,79.0,25.39,0.0,0.0,2461.83,2478.0,4095.5,2.826787
True,nvml,,1778951661.8698764,NVIDIA GeForce RTX 3050 Ti Laptop GPU,0,74.0,2714.53,4096.0,66.27,79.0,25.8,0.0,0.0,2461.85,2478.0,4095.5,2.828279
True,nvml,,1778951662.653705,NVIDIA GeForce RTX 3050 Ti Laptop GPU,0,17.0,2634.53,4096.0,64.32,82.0,32.62,0.0,0.0,2357.84,2398.0,4095.5,2.830607
True,nvml,,1778951663.4796226,NVIDIA GeForce RTX 3050 Ti Laptop GPU,0,7.0,2714.53,4096.0,66.27,81.0,32.57,0.0,0.0,2461.87,2478.0,4095.5,2.833582
True,nvml,,1778951664.2854843,NVIDIA GeForce RTX 3050 Ti Laptop GPU,0,3.0,2602.53,4096.0,63.54,82.0,31.83,0.0,0.0,2381.83,2398.0,4095.5,2.83667
True,nvml,,1778951665.0748105,NVIDIA GeForce RTX 3050 Ti Laptop GPU,0,14.0,2826.53,4096.0,69.01,78.0,22.86,0.0,0.0,2461.84,2478.0,4095.5,2.838458
True,nvml,,1778951665.8794353,NVIDIA GeForce RTX 3050 Ti Laptop GPU,0,32.0,2826.53,4096.0,69.01,77.0,19.95,0.0,0.0,2461.87,2478.0,4095.5,2.838952
True,nvml,,1778951666.6774752,NVIDIA GeForce RTX 3050 Ti Laptop GPU,0,40.0,2714.53,4096.0,66.27,77.0,18.43,0.0,0.0,2461.85,2478.0,4095.5,2.838912
True,nvml,,1778951667.461162,NVIDIA GeForce RTX 3050 Ti Laptop GPU,0,27.0,2714.53,4096.0,66.27,77.0,18.02,0.0,0.0,2461.88,2478.0,4095.5,2.83869
True,nvml,,1778951668.2594786,NVIDIA GeForce RTX 3050 Ti Laptop GPU,0,29.0,2714.53,4096.0,66.27,77.0,17.91,0.0,0.0,2461.85,2478.0,4095.5,2.838658
True,nvml,,1778951669.049738,NVIDIA GeForce RTX 3050 Ti Laptop GPU,0,12.0,2714.53,4096.0,66.27,77.0,18.0,0.0,0.0,2461.88,2478.0,4095.5,2.83856
True,nvml,,1778951669.828174,NVIDIA GeForce RTX 3050 Ti Laptop GPU,0,19.0,2714.53,4096.0,66.27,77.0,18.64,0.0,0.0,2461.86,2478.0,4095.5,2.838563
True,nvml,,1778951670.637621,NVIDIA GeForce RTX 3050 Ti Laptop GPU,0,30.0,2714.53,4096.0,66.27,77.0,18.92,0.0,0.0,2461.88,2478.0,4095.5,2.838637
True,nvml,,1778951671.4772527,NVIDIA GeForce RTX 3050 Ti Laptop GPU,0,27.0,2714.53,4096.0,66.27,77.0,18.62,0.0,0.0,2461.86,2478.0,4095.5,2.838271
True,nvml,,1778951672.2671516,NVIDIA GeForce RTX 3050 Ti Laptop GPU,0,27.0,2714.53,4096.0,66.27,77.0,17.71,0.0,0.0,2461.89,2478.0,4095.5,2.836886
True,nvml,,1778951673.0893836,NVIDIA GeForce RTX 3050 Ti Laptop GPU,0,22.0,2714.53,4096.0,66.27,77.0,17.78,0.0,0.0,2461.86,2478.0,4095.5,2.834477
True,nvml,,1778951673.9891646,NVIDIA GeForce RTX 3050 Ti Laptop GPU,0,22.0,2826.53,4096.0,69.01,77.0,17.63,0.0,0.0,2461.89,2478.0,4095.5,2.83148
True,nvml,,1778951674.8147902,NVIDIA GeForce RTX 3050 Ti Laptop GPU,0,63.0,2634.53,4096.0,64.32,77.0,17.89,0.0,0.0,2381.88,2398.0,4095.5,2.828454
True,nvml,,1778951675.5777311,NVIDIA GeForce RTX 3050 Ti Laptop GPU,0,55.0,2714.53,4096.0,66.27,77.0,17.79,0.0,0.0,2461.9,2478.0,4095.5,2.825745
True,nvml,,1778951676.3864489,NVIDIA GeForce RTX 3050 Ti Laptop GPU,0,27.0,2634.53,4096.0,64.32,77.0,17.82,0.0,0.0,2381.86,2398.0,4095.5,2.824619
True,nvml,,1778951677.1866343,NVIDIA GeForce RTX 3050 Ti Laptop GPU,0,26.0,2826.53,4096.0,69.01,77.0,17.67,0.0,0.0,2461.87,2478.0,4095.5,2.824453
True,nvml,,1778951677.9606884,NVIDIA GeForce RTX 3050 Ti Laptop GPU,0,28.0,2714.53,4096.0,66.27,76.0,17.65,0.0,0.0,2461.9,2478.0,4095.5,2.823959
True,nvml,,1778951678.7583585,NVIDIA GeForce RTX 3050 Ti Laptop GPU,0,27.0,2714.53,4096.0,66.27,77.0,17.79,0.0,0.0,2461.88,2478.0,4095.5,2.823844
True,nvml,,1778951679.5840092,NVIDIA GeForce RTX 3050 Ti Laptop GPU,0,44.0,2714.53,4096.0,66.27,76.0,17.7,0.0,0.0,2461.9,2478.0,4095.5,2.823445
True,nvml,,1778951680.384622,NVIDIA GeForce RTX 3050 Ti Laptop GPU,0,21.0,2852.53,4096.0,69.64,77.0,17.59,0.0,0.0,2599.85,2616.0,4095.5,2.823286
True,nvml,,1778951681.1558568,NVIDIA GeForce RTX 3050 Ti Laptop GPU,0,26.0,2852.53,4096.0,69.64,77.0,17.55,0.0,0.0,2349.89,2616.0,4095.5,2.822491
True,nvml,,1778951681.9476013,NVIDIA GeForce RTX 3050 Ti Laptop GPU,0,95.0,2714.53,4096.0,66.27,77.0,18.91,0.0,0.0,2461.94,2478.0,4095.5,2.822458
True,nvml,,1778951682.7337363,NVIDIA GeForce RTX 3050 Ti Laptop GPU,0,37.0,2602.53,4096.0,63.54,80.0,26.73,0.0,0.0,2357.93,2366.0,4095.5,2.82331
True,nvml,,1778951683.5213032,NVIDIA GeForce RTX 3050 Ti Laptop GPU,0,0.0,2634.53,4096.0,64.32,81.0,32.39,0.0,0.0,2381.96,2398.0,4095.5,2.825936
True,nvml,,1778951684.321081,NVIDIA GeForce RTX 3050 Ti Laptop GPU,0,52.0,2634.53,4096.0,64.32,82.0,32.96,0.0,0.0,2357.96,2398.0,4095.5,2.82913
True,nvml,,1778951685.1439815,NVIDIA GeForce RTX 3050 Ti Laptop GPU,0,3.0,2714.53,4096.0,66.27,81.0,32.07,0.0,0.0,2461.99,2478.0,4095.5,2.832484
True,nvml,,1778951685.9245448,NVIDIA GeForce RTX 3050 Ti Laptop GPU,0,4.0,2714.53,4096.0,66.27,82.0,31.68,0.0,0.0,2349.96,2366.0,4095.5,2.835508
True,nvml,,1778951686.7629855,NVIDIA GeForce RTX 3050 Ti Laptop GPU,0,12.0,2714.53,4096.0,66.27,78.0,25.36,0.0,0.0,2462.0,2478.0,4095.5,2.837984
True,nvml,,1778951687.5747042,NVIDIA GeForce RTX 3050 Ti Laptop GPU,0,13.0,2826.53,4096.0,69.01,77.0,19.14,0.0,0.0,2462.0,2478.0,4095.5,2.838752
True,nvml,,1778951688.3645675,NVIDIA GeForce RTX 3050 Ti Laptop GPU,0,31.0,2714.53,4096.0,66.27,77.0,18.61,0.0,0.0,2461.97,2478.0,4095.5,2.838915
True,nvml,,1778951689.167674,NVIDIA GeForce RTX 3050 Ti Laptop GPU,0,63.0,2714.53,4096.0,66.27,77.0,18.01,0.0,0.0,2462.0,2478.0,4095.5,2.838943
True,nvml,,1778951689.9511092,NVIDIA GeForce RTX 3050 Ti Laptop GPU,0,39.0,2714.53,4096.0,66.27,77.0,17.95,0.0,0.0,2461.98,2478.0,4095.5,2.838855
True,nvml,,1778951690.795691,NVIDIA GeForce RTX 3050 Ti Laptop GPU,0,25.0,2714.53,4096.0,66.27,77.0,17.78,0.0,0.0,2462.0,2478.0,4095.5,2.838999
True,nvml,,1778951691.639683,NVIDIA GeForce RTX 3050 Ti Laptop GPU,0,47.0,2714.53,4096.0,66.27,77.0,18.05,0.0,0.0,2461.98,2478.0,4095.5,2.83914
True,nvml,,1778951692.5441945,NVIDIA GeForce RTX 3050 Ti Laptop GPU,0,25.0,2714.53,4096.0,66.27,77.0,17.77,0.0,0.0,2462.01,2478.0,4095.5,2.839605
True,nvml,,1778951693.3773222,NVIDIA GeForce RTX 3050 Ti Laptop GPU,0,21.0,2714.53,4096.0,66.27,77.0,18.53,0.0,0.0,2461.99,2478.0,4095.5,2.839336
True,nvml,,1778951694.2265205,NVIDIA GeForce RTX 3050 Ti Laptop GPU,0,8.0,2714.53,4096.0,66.27,77.0,19.0,0.0,0.0,2462.01,2478.0,4095.5,2.838191
True,nvml,,1778951695.0159297,NVIDIA GeForce RTX 3050 Ti Laptop GPU,0,24.0,2714.53,4096.0,66.27,77.0,18.18,0.0,0.0,2461.99,2478.0,4095.5,2.835599
True,nvml,,1778951695.8208866,NVIDIA GeForce RTX 3050 Ti Laptop GPU,0,24.0,2714.53,4096.0,66.27,77.0,17.74,0.0,0.0,2462.02,2478.0,4095.5,2.832032
True,nvml,,1778951696.6177242,NVIDIA GeForce RTX 3050 Ti Laptop GPU,0,43.0,2666.53,4096.0,65.1,77.0,17.74,0.0,0.0,2461.99,2478.0,4095.5,2.829089
True,nvml,,1778951697.4371002,NVIDIA GeForce RTX 3050 Ti Laptop GPU,0,27.0,2826.53,4096.0,69.01,77.0,17.62,0.0,0.0,2462.02,2478.0,4095.5,2.825841
True,nvml,,1778951698.2853029,NVIDIA GeForce RTX 3050 Ti Laptop GPU,0,50.0,2634.53,4096.0,64.32,77.0,17.86,0.0,0.0,2357.99,2398.0,4095.5,2.823287
True,nvml,,1778951699.0786905,NVIDIA GeForce RTX 3050 Ti Laptop GPU,0,15.0,2826.53,4096.0,69.01,76.0,17.42,0.0,0.0,2462.0,2478.0,4095.5,2.821632
True,nvml,,1778951699.887303,NVIDIA GeForce RTX 3050 Ti Laptop GPU,0,26.0,2826.53,4096.0,69.01,77.0,17.48,0.0,0.0,2462.02,2478.0,4095.5,2.820936
True,nvml,,1778951700.7045891,NVIDIA GeForce RTX 3050 Ti Laptop GPU,0,46.0,2714.53,4096.0,66.27,77.0,17.86,0.0,0.0,2462.0,2478.0,4095.5,2.820814
True,nvml,,1778951701.5091615,NVIDIA GeForce RTX 3050 Ti Laptop GPU,0,68.0,2714.53,4096.0,66.27,76.0,17.62,0.0,0.0,2462.03,2478.0,4095.5,2.820729
True,nvml,,1778951702.3524504,NVIDIA GeForce RTX 3050 Ti Laptop GPU,0,27.0,2852.53,4096.0,69.64,76.0,18.03,0.0,0.0,2599.98,2616.0,4095.5,2.820869
True,nvml,,1778951703.1915042,NVIDIA GeForce RTX 3050 Ti Laptop GPU,0,40.0,2602.53,4096.0,63.54,78.0,19.19,0.0,0.0,2462.03,2478.0,4095.5,2.821166
True,nvml,,1778951703.9788878,NVIDIA GeForce RTX 3050 Ti Laptop GPU,0,44.0,2602.53,4096.0,63.54,79.0,22.57,0.0,0.0,2382.06,2398.0,4095.5,2.821113
True,nvml,,1778951704.748853,NVIDIA GeForce RTX 3050 Ti Laptop GPU,0,55.0,2714.53,4096.0,66.27,80.0,26.03,0.0,0.0,2462.09,2478.0,4095.5,2.822341
True,nvml,,1778951705.5536234,NVIDIA GeForce RTX 3050 Ti Laptop GPU,0,6.0,2714.53,4096.0,66.27,81.0,32.54,0.0,0.0,2350.11,2366.0,4095.5,2.824889
True,nvml,,1778951706.437275,NVIDIA GeForce RTX 3050 Ti Laptop GPU,0,3.0,2714.53,4096.0,66.27,81.0,32.71,0.0,0.0,2462.12,2478.0,4095.5,2.828808
True,nvml,,1778951707.2662888,NVIDIA GeForce RTX 3050 Ti Laptop GPU,0,4.0,2826.53,4096.0,69.01,82.0,31.83,0.0,0.0,2462.12,2478.0,4095.5,2.832118
True,nvml,,1778951708.0684335,NVIDIA GeForce RTX 3050 Ti Laptop GPU,0,14.0,2714.53,4096.0,66.27,78.0,22.98,0.0,0.0,2462.12,2478.0,4095.5,2.833933
True,nvml,,1778951708.8733997,NVIDIA GeForce RTX 3050 Ti Laptop GPU,0,29.0,2714.53,4096.0,66.27,78.0,20.11,0.0,0.0,2350.09,2366.0,4095.5,2.834932
True,nvml,,1778951709.6631885,NVIDIA GeForce RTX 3050 Ti Laptop GPU,0,28.0,2826.53,4096.0,69.01,77.0,18.65,0.0,0.0,2462.1,2478.0,4095.5,2.835274
True,nvml,,1778951710.496189,NVIDIA GeForce RTX 3050 Ti Laptop GPU,0,27.0,2826.53,4096.0,69.01,77.0,18.15,0.0,0.0,2462.13,2478.0,4095.5,2.835257
True,nvml,,1778951711.371712,NVIDIA GeForce RTX 3050 Ti Laptop GPU,0,25.0,2714.53,4096.0,66.27,77.0,17.91,0.0,0.0,2462.1,2478.0,4095.5,2.83534
True,nvml,,1778951712.2237074,NVIDIA GeForce RTX 3050 Ti Laptop GPU,0,27.0,2714.53,4096.0,66.27,77.0,17.4,0.0,0.0,2462.13,2478.0,4095.5,2.835564
True,nvml,,1778951713.0456443,NVIDIA GeForce RTX 3050 Ti Laptop GPU,0,13.0,2714.53,4096.0,66.27,77.0,18.82,0.0,0.0,2462.11,2478.0,4095.5,2.835513
True,nvml,,1778951713.850842,NVIDIA GeForce RTX 3050 Ti Laptop GPU,0,14.0,2714.53,4096.0,66.27,77.0,19.0,0.0,0.0,2462.13,2478.0,4095.5,2.835671
True,nvml,,1778951714.6138084,NVIDIA GeForce RTX 3050 Ti Laptop GPU,0,35.0,2714.53,4096.0,66.27,77.0,18.59,0.0,0.0,2462.11,2478.0,4095.5,2.835643
True,nvml,,1778951715.430674,NVIDIA GeForce RTX 3050 Ti Laptop GPU,0,27.0,2714.53,4096.0,66.27,77.0,18.1,0.0,0.0,2462.14,2478.0,4095.5,2.835039
True,nvml,,1778951716.2293656,NVIDIA GeForce RTX 3050 Ti Laptop GPU,0,26.0,2714.53,4096.0,66.27,77.0,18.0,0.0,0.0,2462.11,2478.0,4095.5,2.833883
True,nvml,,1778951717.0346484,NVIDIA GeForce RTX 3050 Ti Laptop GPU,0,25.0,2714.53,4096.0,66.27,77.0,17.86,0.0,0.0,2462.14,2478.0,4095.5,2.83123
True,nvml,,1778951717.82443,NVIDIA GeForce RTX 3050 Ti Laptop GPU,0,35.0,2714.53,4096.0,66.27,77.0,17.86,0.0,0.0,2462.12,2478.0,4095.5,2.827587
True,nvml,,1778951718.6203635,NVIDIA GeForce RTX 3050 Ti Laptop GPU,0,59.0,2714.53,4096.0,66.27,77.0,17.87,0.0,0.0,2462.15,2478.0,4095.5,2.82425
True,nvml,,1778951719.42049,NVIDIA GeForce RTX 3050 Ti Laptop GPU,0,43.0,2714.53,4096.0,66.27,77.0,17.95,0.0,0.0,2462.12,2478.0,4095.5,2.821295
True,nvml,,1778951720.1994708,NVIDIA GeForce RTX 3050 Ti Laptop GPU,0,28.0,2714.53,4096.0,66.27,77.0,17.9,0.0,0.0,2462.15,2478.0,4095.5,2.818395
True,nvml,,1778951721.0207074,NVIDIA GeForce RTX 3050 Ti Laptop GPU,0,49.0,2714.53,4096.0,66.27,77.0,17.81,0.0,0.0,2462.13,2478.0,4095.5,2.816986
True,nvml,,1778951721.8115165,NVIDIA GeForce RTX 3050 Ti Laptop GPU,0,28.0,2714.53,4096.0,66.27,77.0,17.95,0.0,0.0,2462.15,2478.0,4095.5,2.816751
True,nvml,,1778951722.593805,NVIDIA GeForce RTX 3050 Ti Laptop GPU,0,27.0,2852.53,4096.0,69.64,76.0,17.79,0.0,0.0,2600.1,2616.0,4095.5,2.816586
True,nvml,,1778951723.427453,NVIDIA GeForce RTX 3050 Ti Laptop GPU,0,61.0,2714.53,4096.0,66.27,77.0,17.68,0.0,0.0,2462.18,2478.0,4095.5,2.816626
True,nvml,,1778951724.2418416,NVIDIA GeForce RTX 3050 Ti Laptop GPU,0,50.0,2714.53,4096.0,66.27,80.0,24.65,0.0,0.0,2350.16,2366.0,4095.5,2.817075
True,nvml,,1778951724.998076,NVIDIA GeForce RTX 3050 Ti Laptop GPU,0,21.0,2714.53,4096.0,66.27,81.0,29.23,0.0,0.0,2462.21,2478.0,4095.5,2.818562
True,nvml,,1778951725.76278,NVIDIA GeForce RTX 3050 Ti Laptop GPU,0,31.0,2634.53,4096.0,64.32,82.0,32.81,0.0,0.0,2350.2,2366.0,4095.5,2.820922
True,nvml,,1778951726.618749,NVIDIA GeForce RTX 3050 Ti Laptop GPU,0,4.0,2634.53,4096.0,64.32,81.0,30.06,0.0,0.0,2358.21,2398.0,4095.5,2.824128
True,nvml,,1778951727.493846,NVIDIA GeForce RTX 3050 Ti Laptop GPU,0,4.0,2714.53,4096.0,66.27,82.0,29.61,0.0,0.0,2462.24,2478.0,4095.5,2.827272
True,nvml,,1778951728.3128278,NVIDIA GeForce RTX 3050 Ti Laptop GPU,0,8.0,2714.53,4096.0,66.27,82.0,31.89,0.0,0.0,2350.21,2478.0,4095.5,2.830379
True,nvml,,1778951729.2764328,NVIDIA GeForce RTX 3050 Ti Laptop GPU,0,12.0,2714.53,4096.0,66.27,78.0,23.05,0.0,0.0,2462.25,2478.0,4095.5,2.833605
True,nvml,,1778951730.102038,NVIDIA GeForce RTX 3050 Ti Laptop GPU,0,25.0,2826.53,4096.0,69.01,78.0,18.75,0.0,0.0,2462.25,2478.0,4095.5,2.834429
True,nvml,,1778951730.9684525,NVIDIA GeForce RTX 3050 Ti Laptop GPU,0,34.0,2714.53,4096.0,66.27,77.0,17.9,0.0,0.0,2462.22,2478.0,4095.5,2.834872
True,nvml,,1778951731.8639133,NVIDIA GeForce RTX 3050 Ti Laptop GPU,0,27.0,2714.53,4096.0,66.27,77.0,17.74,0.0,0.0,2462.25,2478.0,4095.5,2.835165
True,nvml,,1778951732.6989026,NVIDIA GeForce RTX 3050 Ti Laptop GPU,0,27.0,2714.53,4096.0,66.27,77.0,18.17,0.0,0.0,2462.23,2478.0,4095.5,2.835349
True,nvml,,1778951733.48973,NVIDIA GeForce RTX 3050 Ti Laptop GPU,0,15.0,2714.53,4096.0,66.27,77.0,18.8,0.0,0.0,2462.25,2478.0,4095.5,2.835417
True,nvml,,1778951734.3082612,NVIDIA GeForce RTX 3050 Ti Laptop GPU,0,15.0,2714.53,4096.0,66.27,77.0,19.0,0.0,0.0,2462.23,2478.0,4095.5,2.835616
True,nvml,,1778951735.127601,NVIDIA GeForce RTX 3050 Ti Laptop GPU,0,66.0,2714.53,4096.0,66.27,77.0,18.12,0.0,0.0,2462.26,2478.0,4095.5,2.835836
True,nvml,,1778951735.933061,NVIDIA GeForce RTX 3050 Ti Laptop GPU,0,38.0,2714.53,4096.0,66.27,77.0,17.84,0.0,0.0,2462.24,2478.0,4095.5,2.83583
True,nvml,,1778951736.722959,NVIDIA GeForce RTX 3050 Ti Laptop GPU,0,27.0,2714.53,4096.0,66.27,77.0,17.72,0.0,0.0,2462.26,2478.0,4095.5,2.835397
True,nvml,,1778951737.5410106,NVIDIA GeForce RTX 3050 Ti Laptop GPU,0,28.0,2714.53,4096.0,66.27,77.0,18.04,0.0,0.0,2462.24,2478.0,4095.5,2.834269
True,nvml,,1778951738.3224695,NVIDIA GeForce RTX 3050 Ti Laptop GPU,0,27.0,2714.53,4096.0,66.27,77.0,17.91,0.0,0.0,2462.27,2478.0,4095.5,2.83185
True,nvml,,1778951739.102518,NVIDIA GeForce RTX 3050 Ti Laptop GPU,0,40.0,2714.53,4096.0,66.27,77.0,17.87,0.0,0.0,2462.24,2478.0,4095.5,2.828589
True,nvml,,1778951739.8952773,NVIDIA GeForce RTX 3050 Ti Laptop GPU,0,27.0,2714.53,4096.0,66.27,77.0,17.88,0.0,0.0,2462.27,2478.0,4095.5,2.824382
True,nvml,,1778951740.696987,NVIDIA GeForce RTX 3050 Ti Laptop GPU,0,27.0,2714.53,4096.0,66.27,77.0,18.68,0.0,0.0,2462.25,2478.0,4095.5,2.820994
True,nvml,,1778951741.51162,NVIDIA GeForce RTX 3050 Ti Laptop GPU,0,31.0,2714.53,4096.0,66.27,77.0,18.77,0.0,0.0,2462.27,2478.0,4095.5,2.818549
True,nvml,,1778951742.32137,NVIDIA GeForce RTX 3050 Ti Laptop GPU,0,35.0,2714.53,4096.0,66.27,77.0,18.18,0.0,0.0,2462.25,2478.0,4095.5,2.817652
True,nvml,,1778951743.1270163,NVIDIA GeForce RTX 3050 Ti Laptop GPU,0,54.0,2714.53,4096.0,66.27,77.0,17.73,0.0,0.0,2462.28,2478.0,4095.5,2.817286
True,nvml,,1778951743.9357834,NVIDIA GeForce RTX 3050 Ti Laptop GPU,0,27.0,2852.53,4096.0,69.64,77.0,17.89,0.0,0.0,2600.23,2616.0,4095.5,2.817099
True,nvml,,1778951744.7058327,NVIDIA GeForce RTX 3050 Ti Laptop GPU,0,39.0,2714.53,4096.0,66.27,78.0,19.08,0.0,0.0,2462.3,2478.0,4095.5,2.816864
True,nvml,,1778951745.5263178,NVIDIA GeForce RTX 3050 Ti Laptop GPU,0,15.0,2714.53,4096.0,66.27,78.0,22.47,0.0,0.0,2462.29,2478.0,4095.5,2.817833
True,nvml,,1778951746.3326578,NVIDIA GeForce RTX 3050 Ti Laptop GPU,0,60.0,2714.53,4096.0,66.27,79.0,25.39,0.0,0.0,2462.31,2478.0,4095.5,2.819205
True,nvml,,1778951747.1357772,NVIDIA GeForce RTX 3050 Ti Laptop GPU,0,49.0,2602.53,4096.0,63.54,82.0,32.36,0.0,0.0,2358.33,2366.0,4095.5,2.821646
True,nvml,,1778951747.9067664,NVIDIA GeForce RTX 3050 Ti Laptop GPU,0,30.0,2634.53,4096.0,64.32,82.0,33.05,0.0,0.0,2382.35,2398.0,4095.5,2.824522
True,nvml,,1778951748.6609163,NVIDIA GeForce RTX 3050 Ti Laptop GPU,0,3.0,2714.53,4096.0,66.27,82.0,31.9,0.0,0.0,2462.37,2478.0,4095.5,2.827214
True,nvml,,1778951749.5982487,NVIDIA GeForce RTX 3050 Ti Laptop GPU,0,1.0,2634.53,4096.0,64.32,78.0,22.12,0.0,0.0,2358.34,2398.0,4095.5,2.830217
True,nvml,,1778951750.4167156,NVIDIA GeForce RTX 3050 Ti Laptop GPU,0,13.0,2714.53,4096.0,66.27,78.0,19.71,0.0,0.0,2462.37,2478.0,4095.5,2.831
True,nvml,,1778951751.2007787,NVIDIA GeForce RTX 3050 Ti Laptop GPU,0,14.0,2714.53,4096.0,66.27,77.0,19.01,0.0,0.0,2350.34,2478.0,4095.5,2.830966
True,nvml,,1778951751.9849021,NVIDIA GeForce RTX 3050 Ti Laptop GPU,0,32.0,2826.53,4096.0,69.01,77.0,18.75,0.0,0.0,2462.35,2478.0,4095.5,2.831035
True,nvml,,1778951752.7648187,NVIDIA GeForce RTX 3050 Ti Laptop GPU,0,25.0,2826.53,4096.0,69.01,77.0,17.95,0.0,0.0,2462.38,2478.0,4095.5,2.830873
True,nvml,,1778951753.6032581,NVIDIA GeForce RTX 3050 Ti Laptop GPU,0,24.0,2714.53,4096.0,66.27,77.0,17.79,0.0,0.0,2462.35,2478.0,4095.5,2.831171
True,nvml,,1778951754.405536,NVIDIA GeForce RTX 3050 Ti Laptop GPU,0,19.0,2714.53,4096.0,66.27,77.0,17.62,0.0,0.0,2462.38,2478.0,4095.5,2.831046
True,nvml,,1778951755.1829937,NVIDIA GeForce RTX 3050 Ti Laptop GPU,0,48.0,2714.53,4096.0,66.27,77.0,17.92,0.0,0.0,2462.36,2478.0,4095.5,2.830639
True,nvml,,1778951756.008109,NVIDIA GeForce RTX 3050 Ti Laptop GPU,0,26.0,2714.53,4096.0,66.27,77.0,17.88,0.0,0.0,2462.38,2478.0,4095.5,2.830596
True,nvml,,1778951756.7850075,NVIDIA GeForce RTX 3050 Ti Laptop GPU,0,27.0,2634.53,4096.0,64.32,77.0,17.66,0.0,0.0,2462.36,2478.0,4095.5,2.830212
True,nvml,,1778951757.592138,NVIDIA GeForce RTX 3050 Ti Laptop GPU,0,25.0,2826.53,4096.0,69.01,77.0,17.71,0.0,0.0,2462.39,2478.0,4095.5,2.829729
True,nvml,,1778951758.3950386,NVIDIA GeForce RTX 3050 Ti Laptop GPU,0,27.0,2636.53,4096.0,64.37,77.0,17.96,0.0,0.0,2382.37,2400.0,4095.5,2.828752
True,nvml,,1778951759.2065678,NVIDIA GeForce RTX 3050 Ti Laptop GPU,0,61.0,2714.53,4096.0,66.27,77.0,17.83,0.0,0.0,2462.39,2478.0,4095.5,2.826028
True,nvml,,1778951760.0179696,NVIDIA GeForce RTX 3050 Ti Laptop GPU,0,45.0,2634.53,4096.0,64.32,77.0,17.72,0.0,0.0,2382.36,2398.0,4095.5,2.822752
True,nvml,,1778951760.8503742,NVIDIA GeForce RTX 3050 Ti Laptop GPU,0,23.0,2826.53,4096.0,69.01,77.0,17.69,0.0,0.0,2462.37,2478.0,4095.5,2.819208
True,nvml,,1778951761.7455866,NVIDIA GeForce RTX 3050 Ti Laptop GPU,0,24.0,2826.53,4096.0,69.01,77.0,17.69,0.0,0.0,2462.4,2478.0,4095.5,2.816818
True,nvml,,1778951762.570099,NVIDIA GeForce RTX 3050 Ti Laptop GPU,0,25.0,2714.53,4096.0,66.27,77.0,17.71,0.0,0.0,2462.37,2478.0,4095.5,2.815574
True,nvml,,1778951763.389245,NVIDIA GeForce RTX 3050 Ti Laptop GPU,0,28.0,2714.53,4096.0,66.27,77.0,17.68,0.0,0.0,2462.4,2478.0,4095.5,2.814854
True,nvml,,1778951764.2033992,NVIDIA GeForce RTX 3050 Ti Laptop GPU,0,41.0,2714.53,4096.0,66.27,77.0,17.9,0.0,0.0,2462.38,2478.0,4095.5,2.814499
True,nvml,,1778951765.0189986,NVIDIA GeForce RTX 3050 Ti Laptop GPU,0,42.0,2714.53,4096.0,66.27,77.0,17.8,0.0,0.0,2462.4,2478.0,4095.5,2.814506
True,nvml,,1778951765.8311853,NVIDIA GeForce RTX 3050 Ti Laptop GPU,0,27.0,2852.53,4096.0,69.64,77.0,17.87,0.0,0.0,2600.35,2616.0,4095.5,2.814325
True,nvml,,1778951766.6999145,NVIDIA GeForce RTX 3050 Ti Laptop GPU,0,57.0,2714.53,4096.0,66.27,78.0,19.49,0.0,0.0,2462.43,2478.0,4095.5,2.814918
True,nvml,,1778951767.5032055,NVIDIA GeForce RTX 3050 Ti Laptop GPU,0,66.0,2714.53,4096.0,66.27,79.0,23.05,0.0,0.0,2462.45,2478.0,4095.5,2.815921
True,nvml,,1778951768.2905061,NVIDIA GeForce RTX 3050 Ti Laptop GPU,0,41.0,2634.53,4096.0,64.32,81.0,30.88,0.0,0.0,2350.44,2366.0,4095.5,2.818162
True,nvml,,1778951769.0708027,NVIDIA GeForce RTX 3050 Ti Laptop GPU,0,0.0,2602.53,4096.0,63.54,82.0,32.7,0.0,0.0,2350.48,2366.0,4095.5,2.821283
True,nvml,,1778951769.854743,NVIDIA GeForce RTX 3050 Ti Laptop GPU,0,3.0,2714.53,4096.0,66.27,82.0,32.79,0.0,0.0,2462.47,2478.0,4095.5,2.824945
True,nvml,,1778951770.756745,NVIDIA GeForce RTX 3050 Ti Laptop GPU,0,2.0,2714.53,4096.0,66.27,82.0,31.8,0.0,0.0,2462.49,2478.0,4095.5,2.82946
True,nvml,,1778951771.5612614,NVIDIA GeForce RTX 3050 Ti Laptop GPU,0,0.0,2714.53,4096.0,66.27,79.0,29.1,0.0,0.0,2462.47,2478.0,4095.5,2.832262
True,nvml,,1778951772.4077523,NVIDIA GeForce RTX 3050 Ti Laptop GPU,0,30.0,2826.53,4096.0,69.01,78.0,23.18,0.0,0.0,2462.5,2478.0,4095.5,2.834519
True,nvml,,1778951773.1990638,NVIDIA GeForce RTX 3050 Ti Laptop GPU,0,35.0,2636.53,4096.0,64.37,78.0,18.88,0.0,0.0,2382.48,2400.0,4095.5,2.835045
True,nvml,,1778951773.9758837,NVIDIA GeForce RTX 3050 Ti Laptop GPU,0,27.0,2714.53,4096.0,66.27,78.0,18.0,0.0,0.0,2462.5,2478.0,4095.5,2.835089
True,nvml,,1778951774.7941184,NVIDIA GeForce RTX 3050 Ti Laptop GPU,0,27.0,2634.53,4096.0,64.32,78.0,17.81,0.0,0.0,2382.47,2398.0,4095.5,2.835262
True,nvml,,1778951775.5967429,NVIDIA GeForce RTX 3050 Ti Laptop GPU,0,18.0,2826.53,4096.0,69.01,77.0,17.58,0.0,0.0,2462.48,2478.0,4095.5,2.835149
True,nvml,,1778951776.427905,NVIDIA GeForce RTX 3050 Ti Laptop GPU,0,26.0,2826.53,4096.0,69.01,77.0,17.77,0.0,0.0,2462.5,2478.0,4095.5,2.835116
True,nvml,,1778951777.2354765,NVIDIA GeForce RTX 3050 Ti Laptop GPU,0,42.0,2714.53,4096.0,66.27,77.0,18.0,0.0,0.0,2462.48,2478.0,4095.5,2.835135
True,nvml,,1778951778.0313275,NVIDIA GeForce RTX 3050 Ti Laptop GPU,0,37.0,2714.53,4096.0,66.27,77.0,17.92,0.0,0.0,2462.51,2478.0,4095.5,2.835196
True,nvml,,1778951778.8468814,NVIDIA GeForce RTX 3050 Ti Laptop GPU,0,32.0,2714.53,4096.0,66.27,77.0,18.15,0.0,0.0,2462.49,2478.0,4095.5,2.835123
True,nvml,,1778951779.6635354,NVIDIA GeForce RTX 3050 Ti Laptop GPU,0,54.0,2714.53,4096.0,66.27,77.0,17.98,0.0,0.0,2462.51,2478.0,4095.5,2.834876
True,nvml,,1778951780.454876,NVIDIA GeForce RTX 3050 Ti Laptop GPU,0,37.0,2714.53,4096.0,66.27,77.0,18.15,0.0,0.0,2462.49,2478.0,4095.5,2.834609
True,nvml,,1778951781.273475,NVIDIA GeForce RTX 3050 Ti Laptop GPU,0,24.0,2714.53,4096.0,66.27,77.0,17.83,0.0,0.0,2462.52,2478.0,4095.5,2.834613
True,nvml,,1778951782.0642476,NVIDIA GeForce RTX 3050 Ti Laptop GPU,0,13.0,2716.53,4096.0,66.32,77.0,18.48,0.0,0.0,2462.49,2480.0,4095.5,2.834619
True,nvml,,1778951782.8482926,NVIDIA GeForce RTX 3050 Ti Laptop GPU,0,14.0,2716.53,4096.0,66.32,77.0,18.93,0.0,0.0,2462.52,2480.0,4095.5,2.834525
True,nvml,,1778951783.6220536,NVIDIA GeForce RTX 3050 Ti Laptop GPU,0,26.0,2716.53,4096.0,66.32,77.0,18.92,0.0,0.0,2462.5,2480.0,4095.5,2.834288
True,nvml,,1778951784.395203,NVIDIA GeForce RTX 3050 Ti Laptop GPU,0,26.0,2716.53,4096.0,66.32,77.0,18.37,0.0,0.0,2462.52,2480.0,4095.5,2.833927
True,nvml,,1778951785.171626,NVIDIA GeForce RTX 3050 Ti Laptop GPU,0,46.0,2716.53,4096.0,66.32,77.0,17.95,0.0,0.0,2462.5,2480.0,4095.5,2.83277
True,nvml,,1778951785.9841821,NVIDIA GeForce RTX 3050 Ti Laptop GPU,0,28.0,2716.53,4096.0,66.32,77.0,17.92,0.0,0.0,2462.53,2480.0,4095.5,2.830458
True,nvml,,1778951786.7678466,NVIDIA GeForce RTX 3050 Ti Laptop GPU,0,28.0,2854.53,4096.0,69.69,77.0,17.68,0.0,0.0,2600.48,2618.0,4095.5,2.826773
True,nvml,,1778951787.5685108,NVIDIA GeForce RTX 3050 Ti Laptop GPU,0,0.0,2636.53,4096.0,64.37,78.0,20.21,0.0,0.0,2358.52,2400.0,4095.5,2.822592
True,nvml,,1778951788.377377,NVIDIA GeForce RTX 3050 Ti Laptop GPU,0,42.0,2604.53,4096.0,63.59,79.0,23.66,0.0,0.0,2350.55,2368.0,4095.5,2.820298
True,nvml,,1778951789.1592386,NVIDIA GeForce RTX 3050 Ti Laptop GPU,0,34.0,2636.53,4096.0,64.37,81.0,27.26,0.0,0.0,2350.56,2368.0,4095.5,2.819447
True,nvml,,1778951789.976025,NVIDIA GeForce RTX 3050 Ti Laptop GPU,0,67.0,2636.53,4096.0,64.37,82.0,30.5,0.0,0.0,2382.58,2400.0,4095.5,2.820746
True,nvml,,1778951790.7758589,NVIDIA GeForce RTX 3050 Ti Laptop GPU,0,4.0,2716.53,4096.0,66.32,82.0,32.85,0.0,0.0,2462.59,2480.0,4095.5,2.823574
True,nvml,,1778951791.6973243,NVIDIA GeForce RTX 3050 Ti Laptop GPU,0,3.0,2716.53,4096.0,66.32,82.0,31.79,0.0,0.0,2462.62,2480.0,4095.5,2.827765
True,nvml,,1778951792.495501,NVIDIA GeForce RTX 3050 Ti Laptop GPU,0,12.0,2716.53,4096.0,66.32,79.0,28.13,0.0,0.0,2462.59,2480.0,4095.5,2.830367
True,nvml,,1778951793.33878,NVIDIA GeForce RTX 3050 Ti Laptop GPU,0,13.0,2716.53,4096.0,66.32,78.0,19.91,0.0,0.0,2462.62,2480.0,4095.5,2.831804
True,nvml,,1778951794.1623142,NVIDIA GeForce RTX 3050 Ti Laptop GPU,0,24.0,2636.53,4096.0,64.37,78.0,18.66,0.0,0.0,2382.61,2400.0,4095.5,2.832252
True,nvml,,1778951795.023783,NVIDIA GeForce RTX 3050 Ti Laptop GPU,0,25.0,2716.53,4096.0,66.32,78.0,17.87,0.0,0.0,2462.63,2480.0,4095.5,2.832584
True,nvml,,1778951795.8510199,NVIDIA GeForce RTX 3050 Ti Laptop GPU,0,26.0,2636.53,4096.0,64.37,78.0,17.71,0.0,0.0,2382.59,2400.0,4095.5,2.832578
True,nvml,,1778951796.727242,NVIDIA GeForce RTX 3050 Ti Laptop GPU,0,27.0,2828.53,4096.0,69.06,77.0,17.62,0.0,0.0,2462.6,2480.0,4095.5,2.83288
True,nvml,,1778951797.6025712,NVIDIA GeForce RTX 3050 Ti Laptop GPU,0,26.0,2828.53,4096.0,69.06,77.0,17.68,0.0,0.0,2462.63,2480.0,4095.5,2.833107
True,nvml,,1778951798.3876197,NVIDIA GeForce RTX 3050 Ti Laptop GPU,0,31.0,2716.53,4096.0,66.32,77.0,17.8,0.0,0.0,2462.61,2480.0,4095.5,2.832781
True,nvml,,1778951799.221582,NVIDIA GeForce RTX 3050 Ti Laptop GPU,0,65.0,2716.53,4096.0,66.32,77.0,17.87,0.0,0.0,2462.63,2480.0,4095.5,2.832709
True,nvml,,1778951800.0109115,NVIDIA GeForce RTX 3050 Ti Laptop GPU,0,55.0,2716.53,4096.0,66.32,77.0,17.86,0.0,0.0,2462.61,2480.0,4095.5,2.832486
True,nvml,,1778951800.8167531,NVIDIA GeForce RTX 3050 Ti Laptop GPU,0,26.0,2716.53,4096.0,66.32,77.0,17.91,0.0,0.0,2462.64,2480.0,4095.5,2.832512
True,nvml,,1778951801.6104965,NVIDIA GeForce RTX 3050 Ti Laptop GPU,0,21.0,2604.53,4096.0,63.59,77.0,17.76,0.0,0.0,2462.61,2480.0,4095.5,2.832197
True,nvml,,1778951802.4077027,NVIDIA GeForce RTX 3050 Ti Laptop GPU,0,43.0,2828.53,4096.0,69.06,77.0,17.78,0.0,0.0,2462.64,2480.0,4095.5,2.831821
True,nvml,,1778951803.2059073,NVIDIA GeForce RTX 3050 Ti Laptop GPU,0,34.0,2636.53,4096.0,64.37,77.0,18.02,0.0,0.0,2358.62,2400.0,4095.5,2.831871
True,nvml,,1778951804.0553596,NVIDIA GeForce RTX 3050 Ti Laptop GPU,0,0.0,2826.53,4096.0,69.01,77.0,17.29,0.0,0.0,2462.62,2478.0,4095.5,2.83197
True,nvml,,1778951804.8888104,NVIDIA GeForce RTX 3050 Ti Laptop GPU,0,33.0,2602.53,4096.0,63.54,77.0,18.09,0.0,0.0,2350.61,2366.0,4095.5,2.83204
True,nvml,,1778951805.7266107,NVIDIA GeForce RTX 3050 Ti Laptop GPU,0,13.0,2714.53,4096.0,66.27,77.0,19.06,0.0,0.0,2462.65,2478.0,4095.5,2.832524
True,nvml,,1778951806.5186048,NVIDIA GeForce RTX 3050 Ti Laptop GPU,0,14.0,2826.53,4096.0,69.01,77.0,18.92,0.0,0.0,2462.65,2478.0,4095.5,2.831902
True,nvml,,1778951807.3371837,NVIDIA GeForce RTX 3050 Ti Laptop GPU,0,44.0,2714.53,4096.0,66.27,77.0,18.08,0.0,0.0,2462.63,2478.0,4095.5,2.829824
True,nvml,,1778951808.1141527,NVIDIA GeForce RTX 3050 Ti Laptop GPU,0,25.0,2714.53,4096.0,66.27,77.0,17.87,0.0,0.0,2462.65,2478.0,4095.5,2.826172
True,nvml,,1778951808.9254038,NVIDIA GeForce RTX 3050 Ti Laptop GPU,0,27.0,2852.53,4096.0,69.64,77.0,18.07,0.0,0.0,2600.6,2616.0,4095.5,2.823379
True,nvml,,1778951809.8257222,NVIDIA GeForce RTX 3050 Ti Laptop GPU,0,66.0,2714.53,4096.0,66.27,78.0,19.06,0.0,0.0,2462.66,2478.0,4095.5,2.82081
True,nvml,,1778951810.6319346,NVIDIA GeForce RTX 3050 Ti Laptop GPU,0,21.0,2714.53,4096.0,66.27,82.0,31.81,0.0,0.0,2462.7,2478.0,4095.5,2.820427
True,nvml,,1778951811.4025204,NVIDIA GeForce RTX 3050 Ti Laptop GPU,0,34.0,2714.53,4096.0,66.27,82.0,33.11,0.0,0.0,2462.72,2478.0,4095.5,2.822555
True,nvml,,1778951812.1956177,NVIDIA GeForce RTX 3050 Ti Laptop GPU,0,38.0,2714.53,4096.0,66.27,82.0,33.11,0.0,0.0,2462.74,2478.0,4095.5,2.825542
True,nvml,,1778951813.087081,NVIDIA GeForce RTX 3050 Ti Laptop GPU,0,0.0,2714.53,4096.0,66.27,82.0,32.23,0.0,0.0,2462.72,2478.0,4095.5,2.829559
True,nvml,,1778951813.9324162,NVIDIA GeForce RTX 3050 Ti Laptop GPU,0,7.0,2826.53,4096.0,69.01,82.0,32.04,0.0,0.0,2350.77,2478.0,4095.5,2.832926
True,nvml,,1778951814.726176,NVIDIA GeForce RTX 3050 Ti Laptop GPU,0,18.0,2714.53,4096.0,66.27,79.0,23.07,0.0,0.0,2462.72,2478.0,4095.5,2.834858
True,nvml,,1778951815.5289974,NVIDIA GeForce RTX 3050 Ti Laptop GPU,0,14.0,2714.53,4096.0,66.27,78.0,20.03,0.0,0.0,2462.75,2478.0,4095.5,2.835492
True,nvml,,1778951816.347511,NVIDIA GeForce RTX 3050 Ti Laptop GPU,0,53.0,2714.53,4096.0,66.27,78.0,19.21,0.0,0.0,2462.72,2478.0,4095.5,2.83582
True,nvml,,1778951817.20783,NVIDIA GeForce RTX 3050 Ti Laptop GPU,0,15.0,2714.53,4096.0,66.27,78.0,19.12,0.0,0.0,2462.75,2478.0,4095.5,2.836222
True,nvml,,1778951817.991673,NVIDIA GeForce RTX 3050 Ti Laptop GPU,0,14.0,2604.53,4096.0,63.59,77.0,18.99,0.0,0.0,2462.73,2480.0,4095.5,2.836254
True,nvml,,1778951818.8130884,NVIDIA GeForce RTX 3050 Ti Laptop GPU,0,22.0,2828.53,4096.0,69.06,77.0,18.42,0.0,0.0,2462.75,2480.0,4095.5,2.836385
True,nvml,,1778951819.6427698,NVIDIA GeForce RTX 3050 Ti Laptop GPU,0,38.0,2636.53,4096.0,64.37,77.0,17.75,0.0,0.0,2382.72,2400.0,4095.5,2.836789
True,nvml,,1778951820.4706059,NVIDIA GeForce RTX 3050 Ti Laptop GPU,0,22.0,2828.53,4096.0,69.06,77.0,17.43,0.0,0.0,2462.73,2480.0,4095.5,2.837003
True,nvml,,1778951821.2592,NVIDIA GeForce RTX 3050 Ti Laptop GPU,0,58.0,2716.53,4096.0,66.32,77.0,17.81,0.0,0.0,2462.76,2480.0,4095.5,2.836638
True,nvml,,1778951822.063815,NVIDIA GeForce RTX 3050 Ti Laptop GPU,0,23.0,2716.53,4096.0,66.32,77.0,17.92,0.0,0.0,2462.74,2480.0,4095.5,2.836621
True,nvml,,1778951822.8891006,NVIDIA GeForce RTX 3050 Ti Laptop GPU,0,16.0,2828.53,4096.0,69.06,77.0,17.83,0.0,0.0,2462.76,2480.0,4095.5,2.836688
True,nvml,,1778951823.761439,NVIDIA GeForce RTX 3050 Ti Laptop GPU,0,35.0,2636.53,4096.0,64.37,77.0,17.31,0.0,0.0,2382.73,2400.0,4095.5,2.836886
True,nvml,,1778951824.6032777,NVIDIA GeForce RTX 3050 Ti Laptop GPU,0,25.0,2828.53,4096.0,69.06,77.0,17.57,0.0,0.0,2462.74,2480.0,4095.5,2.837023
True,nvml,,1778951825.4070408,NVIDIA GeForce RTX 3050 Ti Laptop GPU,0,44.0,2828.53,4096.0,69.06,77.0,17.7,0.0,0.0,2462.77,2480.0,4095.5,2.836951
True,nvml,,1778951826.2341156,NVIDIA GeForce RTX 3050 Ti Laptop GPU,0,44.0,2716.53,4096.0,66.32,77.0,18.01,0.0,0.0,2462.74,2480.0,4095.5,2.83719
True,nvml,,1778951827.0408459,NVIDIA GeForce RTX 3050 Ti Laptop GPU,0,22.0,2716.53,4096.0,66.32,77.0,17.98,0.0,0.0,2462.77,2480.0,4095.5,2.83735
True,nvml,,1778951827.8406627,NVIDIA GeForce RTX 3050 Ti Laptop GPU,0,32.0,2716.53,4096.0,66.32,77.0,17.88,0.0,0.0,2462.75,2480.0,4095.5,2.837458
True,nvml,,1778951828.641417,NVIDIA GeForce RTX 3050 Ti Laptop GPU,0,46.0,2716.53,4096.0,66.32,77.0,17.66,0.0,0.0,2462.77,2480.0,4095.5,2.837148
True,nvml,,1778951829.4177454,NVIDIA GeForce RTX 3050 Ti Laptop GPU,0,22.0,2636.53,4096.0,64.37,77.0,17.45,0.0,0.0,2350.77,2400.0,4095.5,2.834968
True,nvml,,1778951830.2148533,NVIDIA GeForce RTX 3050 Ti Laptop GPU,0,23.0,2828.53,4096.0,69.06,77.0,17.39,0.0,0.0,2462.75,2480.0,4095.5,2.831301
True,nvml,,1778951831.0475824,NVIDIA GeForce RTX 3050 Ti Laptop GPU,0,22.0,2716.53,4096.0,66.32,77.0,17.39,0.0,0.0,2462.78,2480.0,4095.5,2.828167
True,nvml,,1778951831.8990324,NVIDIA GeForce RTX 3050 Ti Laptop GPU,0,23.0,2854.53,4096.0,69.69,77.0,17.62,0.0,0.0,2600.73,2618.0,4095.5,2.82537
True,nvml,,1778951832.6849055,NVIDIA GeForce RTX 3050 Ti Laptop GPU,0,24.0,2854.53,4096.0,69.69,77.0,16.81,0.0,0.0,2350.72,2618.0,4095.5,2.821637
True,nvml,,1778951833.4686136,NVIDIA GeForce RTX 3050 Ti Laptop GPU,0,99.0,2636.53,4096.0,64.37,77.0,18.16,0.0,0.0,2382.79,2400.0,4095.5,2.818961
True,nvml,,1778951834.238972,NVIDIA GeForce RTX 3050 Ti Laptop GPU,0,40.0,2716.53,4096.0,66.32,79.0,26.08,0.0,0.0,2462.8,2480.0,4095.5,2.819021
True,nvml,,1778951835.1129484,NVIDIA GeForce RTX 3050 Ti Laptop GPU,0,0.0,2604.53,4096.0,63.59,81.0,28.02,0.0,0.0,2462.82,2480.0,4095.5,2.820994
True,nvml,,1778951835.9459324,NVIDIA GeForce RTX 3050 Ti Laptop GPU,0,65.0,2636.53,4096.0,64.37,82.0,30.96,0.0,0.0,2358.84,2400.0,4095.5,2.823561
True,nvml,,1778951836.759978,NVIDIA GeForce RTX 3050 Ti Laptop GPU,0,3.0,2716.53,4096.0,66.32,82.0,32.54,0.0,0.0,2462.87,2480.0,4095.5,2.826588
True,nvml,,1778951837.5627012,NVIDIA GeForce RTX 3050 Ti Laptop GPU,0,6.0,2652.53,4096.0,64.76,79.0,30.95,0.0,0.0,2350.83,2368.0,4095.5,2.829712
True,nvml,,1778951838.4500575,NVIDIA GeForce RTX 3050 Ti Laptop GPU,0,23.0,2716.53,4096.0,66.32,78.0,25.98,0.0,0.0,2462.87,2480.0,4095.5,2.832631
True,nvml,,1778951839.290182,NVIDIA GeForce RTX 3050 Ti Laptop GPU,0,13.0,2828.53,4096.0,69.06,78.0,19.35,0.0,0.0,2462.87,2480.0,4095.5,2.833976
True,nvml,,1778951840.0665596,NVIDIA GeForce RTX 3050 Ti Laptop GPU,0,26.0,2716.53,4096.0,66.32,77.0,17.92,0.0,0.0,2462.85,2480.0,4095.5,2.83409
True,nvml,,1778951840.8753467,NVIDIA GeForce RTX 3050 Ti Laptop GPU,0,25.0,2716.53,4096.0,66.32,77.0,17.8,0.0,0.0,2462.88,2480.0,4095.5,2.833946
True,nvml,,1778951841.6459246,NVIDIA GeForce RTX 3050 Ti Laptop GPU,0,41.0,2716.53,4096.0,66.32,77.0,18.02,0.0,0.0,2462.85,2480.0,4095.5,2.833518
True,nvml,,1778951842.4603922,NVIDIA GeForce RTX 3050 Ti Laptop GPU,0,28.0,2716.53,4096.0,66.32,77.0,18.0,0.0,0.0,2462.88,2480.0,4095.5,2.833612
True,nvml,,1778951843.2909043,NVIDIA GeForce RTX 3050 Ti Laptop GPU,0,25.0,2716.53,4096.0,66.32,77.0,18.55,0.0,0.0,2462.86,2480.0,4095.5,2.833821
True,nvml,,1778951844.0825982,NVIDIA GeForce RTX 3050 Ti Laptop GPU,0,13.0,2716.53,4096.0,66.32,77.0,18.88,0.0,0.0,2462.88,2480.0,4095.5,2.833935
True,nvml,,1778951844.9200873,NVIDIA GeForce RTX 3050 Ti Laptop GPU,0,36.0,2716.53,4096.0,66.32,77.0,18.75,0.0,0.0,2462.86,2480.0,4095.5,2.834284
True,nvml,,1778951845.7385843,NVIDIA GeForce RTX 3050 Ti Laptop GPU,0,52.0,2716.53,4096.0,66.32,77.0,17.86,0.0,0.0,2462.89,2480.0,4095.5,2.834394
True,nvml,,1778951846.5275178,NVIDIA GeForce RTX 3050 Ti Laptop GPU,0,68.0,2716.53,4096.0,66.32,77.0,17.95,0.0,0.0,2462.86,2480.0,4095.5,2.834242
True,nvml,,1778951847.3498127,NVIDIA GeForce RTX 3050 Ti Laptop GPU,0,27.0,2716.53,4096.0,66.32,77.0,17.66,0.0,0.0,2462.89,2480.0,4095.5,2.834333
True,nvml,,1778951848.1776102,NVIDIA GeForce RTX 3050 Ti Laptop GPU,0,47.0,2716.53,4096.0,66.32,77.0,17.89,0.0,0.0,2462.87,2480.0,4095.5,2.834391
True,nvml,,1778951848.9664285,NVIDIA GeForce RTX 3050 Ti Laptop GPU,0,27.0,2716.53,4096.0,66.32,77.0,17.82,0.0,0.0,2462.9,2480.0,4095.5,2.834282
True,nvml,,1778951849.764276,NVIDIA GeForce RTX 3050 Ti Laptop GPU,0,27.0,2716.53,4096.0,66.32,77.0,17.85,0.0,0.0,2462.87,2480.0,4095.5,2.834265
True,nvml,,1778951850.5630417,NVIDIA GeForce RTX 3050 Ti Laptop GPU,0,57.0,2716.53,4096.0,66.32,77.0,17.88,0.0,0.0,2462.9,2480.0,4095.5,2.833728
True,nvml,,1778951851.5135553,NVIDIA GeForce RTX 3050 Ti Laptop GPU,0,25.0,2716.53,4096.0,66.32,77.0,17.92,0.0,0.0,2462.88,2480.0,4095.5,2.832482
True,nvml,,1778951852.408296,NVIDIA GeForce RTX 3050 Ti Laptop GPU,0,27.0,2716.53,4096.0,66.32,77.0,17.52,0.0,0.0,2462.9,2480.0,4095.5,2.830152
True,nvml,,1778951853.2230277,NVIDIA GeForce RTX 3050 Ti Laptop GPU,0,14.0,2854.53,4096.0,69.69,77.0,18.05,0.0,0.0,2600.85,2618.0,4095.5,2.826687
True,nvml,,1778951854.0938015,NVIDIA GeForce RTX 3050 Ti Laptop GPU,0,0.0,2604.53,4096.0,63.59,79.0,21.3,0.0,0.0,2382.9,2400.0,4095.5,2.824109
True,nvml,,1778951854.8638186,NVIDIA GeForce RTX 3050 Ti Laptop GPU,0,62.0,2716.53,4096.0,66.32,81.0,25.92,0.0,0.0,2462.95,2480.0,4095.5,2.821915
True,nvml,,1778951855.6778202,NVIDIA GeForce RTX 3050 Ti Laptop GPU,0,30.0,2716.53,4096.0,66.32,81.0,33.12,0.0,0.0,2462.97,2480.0,4095.5,2.821946
True,nvml,,1778951856.4182622,NVIDIA GeForce RTX 3050 Ti Laptop GPU,0,34.0,2636.53,4096.0,64.37,82.0,32.67,0.0,0.0,2382.97,2400.0,4095.5,2.823276
True,nvml,,1778951857.1807058,NVIDIA GeForce RTX 3050 Ti Laptop GPU,0,7.0,2716.53,4096.0,66.32,82.0,32.65,0.0,0.0,2462.97,2480.0,4095.5,2.826048
True,nvml,,1778951857.9819102,NVIDIA GeForce RTX 3050 Ti Laptop GPU,0,4.0,2716.53,4096.0,66.32,82.0,32.03,0.0,0.0,2462.99,2480.0,4095.5,2.829286
True,nvml,,1778951858.895029,NVIDIA GeForce RTX 3050 Ti Laptop GPU,0,13.0,2716.53,4096.0,66.32,79.0,27.02,0.0,0.0,2462.97,2480.0,4095.5,2.832659
True,nvml,,1778951859.7538266,NVIDIA GeForce RTX 3050 Ti Laptop GPU,0,14.0,2716.53,4096.0,66.32,78.0,19.64,0.0,0.0,2463.0,2480.0,4095.5,2.834103
True,nvml,,1778951860.572399,NVIDIA GeForce RTX 3050 Ti Laptop GPU,0,25.0,2716.53,4096.0,66.32,78.0,18.53,0.0,0.0,2462.97,2480.0,4095.5,2.834524
True,nvml,,1778951861.3871853,NVIDIA GeForce RTX 3050 Ti Laptop GPU,0,28.0,2716.53,4096.0,66.32,77.0,18.07,0.0,0.0,2463.0,2480.0,4095.5,2.834635
True,nvml,,1778951862.1986666,NVIDIA GeForce RTX 3050 Ti Laptop GPU,0,47.0,2716.53,4096.0,66.32,77.0,18.0,0.0,0.0,2462.98,2480.0,4095.5,2.834393
True,nvml,,1778951862.994505,NVIDIA GeForce RTX 3050 Ti Laptop GPU,0,27.0,2716.53,4096.0,66.32,77.0,17.95,0.0,0.0,2463.0,2480.0,4095.5,2.833889
True,nvml,,1778951863.763545,NVIDIA GeForce RTX 3050 Ti Laptop GPU,0,26.0,2716.53,4096.0,66.32,77.0,18.67,0.0,0.0,2462.98,2480.0,4095.5,2.833585
True,nvml,,1778951864.5772607,NVIDIA GeForce RTX 3050 Ti Laptop GPU,0,0.0,2716.53,4096.0,66.32,77.0,18.81,0.0,0.0,2463.01,2480.0,4095.5,2.833792
True,nvml,,1778951865.3453143,NVIDIA GeForce RTX 3050 Ti Laptop GPU,0,65.0,2604.53,4096.0,63.59,77.0,18.68,0.0,0.0,2462.99,2480.0,4095.5,2.833821
True,nvml,,1778951866.1847322,NVIDIA GeForce RTX 3050 Ti Laptop GPU,0,29.0,2828.53,4096.0,69.06,77.0,17.99,0.0,0.0,2463.01,2480.0,4095.5,2.833987
True,nvml,,1778951866.9974108,NVIDIA GeForce RTX 3050 Ti Laptop GPU,0,27.0,2636.53,4096.0,64.37,77.0,17.7,0.0,0.0,2383.0,2400.0,4095.5,2.834092
True,nvml,,1778951867.8125677,NVIDIA GeForce RTX 3050 Ti Laptop GPU,0,25.0,2716.53,4096.0,66.32,77.0,17.68,0.0,0.0,2463.02,2480.0,4095.5,2.833981
True,nvml,,1778951868.6413012,NVIDIA GeForce RTX 3050 Ti Laptop GPU,0,51.0,2636.53,4096.0,64.37,77.0,17.97,0.0,0.0,2382.98,2400.0,4095.5,2.833947
True,nvml,,1778951869.453653,NVIDIA GeForce RTX 3050 Ti Laptop GPU,0,37.0,2828.53,4096.0,69.06,77.0,17.85,0.0,0.0,2462.99,2480.0,4095.5,2.833995
True,nvml,,1778951870.2876754,NVIDIA GeForce RTX 3050 Ti Laptop GPU,0,40.0,2828.53,4096.0,69.06,77.0,17.82,0.0,0.0,2463.02,2480.0,4095.5,2.833938
True,nvml,,1778951871.1399343,NVIDIA GeForce RTX 3050 Ti Laptop GPU,0,26.0,2716.53,4096.0,66.32,77.0,17.76,0.0,0.0,2463.0,2480.0,4095.5,2.833615
True,nvml,,1778951871.9624467,NVIDIA GeForce RTX 3050 Ti Laptop GPU,0,25.0,2716.53,4096.0,66.32,77.0,17.66,0.0,0.0,2463.02,2480.0,4095.5,2.832627
True,nvml,,1778951872.758763,NVIDIA GeForce RTX 3050 Ti Laptop GPU,0,36.0,2716.53,4096.0,66.32,77.0,18.02,0.0,0.0,2463.0,2480.0,4095.5,2.830211
True,nvml,,1778951873.545655,NVIDIA GeForce RTX 3050 Ti Laptop GPU,0,62.0,2716.53,4096.0,66.32,77.0,18.02,0.0,0.0,2463.03,2480.0,4095.5,2.826953
True,nvml,,1778951874.3295932,NVIDIA GeForce RTX 3050 Ti Laptop GPU,0,85.0,2854.53,4096.0,69.69,77.0,18.01,0.0,0.0,2600.98,2618.0,4095.5,2.82321
True,nvml,,1778951875.1451025,NVIDIA GeForce RTX 3050 Ti Laptop GPU,0,97.0,2636.53,4096.0,64.37,78.0,18.42,0.0,0.0,2351.02,2368.0,4095.5,2.82085
True,nvml,,1778951875.9323015,NVIDIA GeForce RTX 3050 Ti Laptop GPU,0,39.0,2716.53,4096.0,66.32,79.0,21.92,0.0,0.0,2463.06,2480.0,4095.5,2.819974
True,nvml,,1778951876.7230592,NVIDIA GeForce RTX 3050 Ti Laptop GPU,0,59.0,2604.53,4096.0,63.59,81.0,26.25,0.0,0.0,2355.01,2368.0,4095.5,2.820874
True,nvml,,1778951877.5053353,NVIDIA GeForce RTX 3050 Ti Laptop GPU,0,70.0,2716.53,4096.0,66.32,82.0,29.43,0.0,0.0,2463.11,2480.0,4095.5,2.822119
True,nvml,,1778951878.2842503,NVIDIA GeForce RTX 3050 Ti Laptop GPU,0,5.0,2636.53,4096.0,64.37,82.0,33.37,0.0,0.0,2383.1,2400.0,4095.5,2.824948
True,nvml,,1778951879.0750647,NVIDIA GeForce RTX 3050 Ti Laptop GPU,0,5.0,2716.53,4096.0,66.32,82.0,32.27,0.0,0.0,2463.12,2480.0,4095.5,2.827721
True,nvml,,1778951879.8826966,NVIDIA GeForce RTX 3050 Ti Laptop GPU,0,0.0,2716.53,4096.0,66.32,78.0,26.68,0.0,0.0,2463.12,2480.0,4095.5,2.830161
True,nvml,,1778951880.6696405,NVIDIA GeForce RTX 3050 Ti Laptop GPU,0,13.0,2716.53,4096.0,66.32,78.0,19.77,0.0,0.0,2463.09,2480.0,4095.5,2.831279
True,nvml,,1778951881.509584,NVIDIA GeForce RTX 3050 Ti Laptop GPU,0,13.0,2716.53,4096.0,66.32,78.0,19.23,0.0,0.0,2463.12,2480.0,4095.5,2.831803
True,nvml,,1778951882.327633,NVIDIA GeForce RTX 3050 Ti Laptop GPU,0,31.0,2716.53,4096.0,66.32,77.0,18.75,0.0,0.0,2463.1,2480.0,4095.5,2.832183
True,nvml,,1778951883.1329408,NVIDIA GeForce RTX 3050 Ti Laptop GPU,0,49.0,2716.53,4096.0,66.32,77.0,17.94,0.0,0.0,2463.13,2480.0,4095.5,2.832198
True,nvml,,1778951884.0070677,NVIDIA GeForce RTX 3050 Ti Laptop GPU,0,31.0,2716.53,4096.0,66.32,77.0,18.11,0.0,0.0,2463.1,2480.0,4095.5,2.832634
True,nvml,,1778951884.8434548,NVIDIA GeForce RTX 3050 Ti Laptop GPU,0,28.0,2716.53,4096.0,66.32,77.0,17.66,0.0,0.0,2463.13,2480.0,4095.5,2.832778
True,nvml,,1778951885.62681,NVIDIA GeForce RTX 3050 Ti Laptop GPU,0,18.0,2716.53,4096.0,66.32,77.0,18.03,0.0,0.0,2463.11,2480.0,4095.5,2.832677
True,nvml,,1778951886.4514053,NVIDIA GeForce RTX 3050 Ti Laptop GPU,0,31.0,2716.53,4096.0,66.32,77.0,18.89,0.0,0.0,2463.13,2480.0,4095.5,2.832961
True,nvml,,1778951887.2419822,NVIDIA GeForce RTX 3050 Ti Laptop GPU,0,15.0,2716.53,4096.0,66.32,77.0,19.18,0.0,0.0,2463.11,2480.0,4095.5,2.83294
True,nvml,,1778951888.0528457,NVIDIA GeForce RTX 3050 Ti Laptop GPU,0,26.0,2828.53,4096.0,69.06,77.0,18.66,0.0,0.0,2463.14,2480.0,4095.5,2.833113
True,nvml,,1778951888.8542988,NVIDIA GeForce RTX 3050 Ti Laptop GPU,0,39.0,2636.53,4096.0,64.37,77.0,18.18,0.0,0.0,2383.12,2400.0,4095.5,2.833224
True,nvml,,1778951889.6445735,NVIDIA GeForce RTX 3050 Ti Laptop GPU,0,0.0,2716.53,4096.0,66.32,77.0,17.63,0.0,0.0,2463.14,2480.0,4095.5,2.833167
True,nvml,,1778951890.4264226,NVIDIA GeForce RTX 3050 Ti Laptop GPU,0,63.0,2828.53,4096.0,69.06,77.0,17.75,0.0,0.0,2463.14,2480.0,4095.5,2.832666
True,nvml,,1778951891.191503,NVIDIA GeForce RTX 3050 Ti Laptop GPU,0,26.0,2716.53,4096.0,66.32,77.0,18.09,0.0,0.0,2463.12,2480.0,4095.5,2.832284
True,nvml,,1778951891.9942503,NVIDIA GeForce RTX 3050 Ti Laptop GPU,0,27.0,2716.53,4096.0,66.32,77.0,17.85,0.0,0.0,2463.15,2480.0,4095.5,2.832082
True,nvml,,1778951892.8257117,NVIDIA GeForce RTX 3050 Ti Laptop GPU,0,47.0,2716.53,4096.0,66.32,77.0,18.16,0.0,0.0,2463.12,2480.0,4095.5,2.831654
True,nvml,,1778951893.6154895,NVIDIA GeForce RTX 3050 Ti Laptop GPU,0,26.0,2716.53,4096.0,66.32,77.0,17.95,0.0,0.0,2463.15,2480.0,4095.5,2.829773
True,nvml,,1778951894.485697,NVIDIA GeForce RTX 3050 Ti Laptop GPU,0,41.0,2716.53,4096.0,66.32,77.0,18.07,0.0,0.0,2463.13,2480.0,4095.5,2.827199
True,nvml,,1778951895.273443,NVIDIA GeForce RTX 3050 Ti Laptop GPU,0,35.0,2716.53,4096.0,66.32,77.0,18.33,0.0,0.0,2463.15,2480.0,4095.5,2.823786
True,nvml,,1778951896.0792181,NVIDIA GeForce RTX 3050 Ti Laptop GPU,0,25.0,2854.53,4096.0,69.69,77.0,19.03,0.0,0.0,2601.1,2618.0,4095.5,2.819802
True,nvml,,1778951897.2434578,NVIDIA GeForce RTX 3050 Ti Laptop GPU,0,0.0,2590.53,4096.0,63.25,76.0,17.88,0.0,0.0,8.12,2354.0,4095.5,2.818411
